ANALYZE sqlite_schema;
CREATE TABLE IF NOT EXISTS "Markets" (
    Market TEXT,
    Monday TEXT,
    Tuesday TEXT,
    Wednesday TEXT,
    Thursday TEXT,
    Friday TEXT,
    Saturday TEXT,
    Sunday TEXT,
    Website TEXT,
    auto_id INTEGER PRIMARY KEY AUTOINCREMENT
);
INSERT INTO Markets VALUES('Queen Victoria','Closed','6:00 am - 3:00 pm','Closed','6:00 am - 3:00 pm','6:00 am - 3:00 pm','6:00 am - 4:00 pm','9:00 am - 4:00 pm','https://www.qvm.com.au/',1);
INSERT INTO Markets VALUES('South Melbourne','Closed','Closed','8:00 am - 4:00 pm','Closed','8:00 am - 5:00 pm','8:00 am - 4:00 pm','8:00 am - 4:00 pm','https://www.southmelbournemarket.com.au/',2);
INSERT INTO Markets VALUES('Prahran','Closed','7:00 am - 5:00 pm','Closed','7:00 am - 5:00 pm','7:00 am - 5:00 pm','7:00 am - 5:00 pm','10:00 am - 3:00 pm','https://www.prahranmarket.com.au/',3);
INSERT INTO Markets VALUES('Footscray','Closed','7:00 am - 4:00 pm','7:00 am - 4:00 pm','7:00 am - 5:00 pm','7:00 am - 6:00 pm','7:00 am - 5:00 pm','Closed','https://www.footscraymarketvictoria.com.au/',4);
INSERT INTO Markets VALUES('Preston','Closed','Closed','8:00 am - 3:00 pm','8:00 am - 3:00 pm','8:00 am - 6:00 pm','8:00 am - 3:00 pm','8:00 am - 3:00 pm','https://www.prestonmarket.com.au/',5);
INSERT INTO Markets VALUES('Dandenong','Closed','7:00 am - 4:00 pm','Closed','Closed','7:00 am - 4:00 pm','7:00 am - 4:00 pm','9:00 am - 4:00 pm','https://www.dandenongmarket.com.au/',6);
INSERT INTO Markets VALUES('Camberwell','Closed','Open 7:00 am','Closed','Open 7:00 am','Open 7:00 am','7:00 am - 5:00 pm','Closed','https://www.camberwellfreshfoodmarket.com.au/',7);
CREATE TABLE IF NOT EXISTS "Restaurants" (
    Letter TEXT,
    Cuisine TEXT,
    Restaurant TEXT,
    Location TEXT,
    Visit_Date TEXT,
    Comments TEXT,
    auto_id INTEGER PRIMARY KEY AUTOINCREMENT
);
INSERT INTO Restaurants VALUES('A','Afghani','Afghan Gallery','Fitzroy','2000','The first one - with all family members',1);
INSERT INTO Restaurants VALUES('B','Balinese','Warung Agus','West Melbourne','2002','',2);
INSERT INTO Restaurants VALUES('C','Colombian','"Oh how the memory fails"','Carlton','2004','Cannot recall name (Ian booked) but was in Lygon St Carlton',3);
INSERT INTO Restaurants VALUES('D','Danish','Fraus Crepes & Chocolat','West Melbourne','2006','Now Cafe Metsa; we had Danish pastries for brunch',4);
INSERT INTO Restaurants VALUES('E','Egyptian','Bedouin Kitchen','St Kilda','2007','Restaurant is no longer in business',5);
INSERT INTO Restaurants VALUES('F','French','Paris Go','Carlton','2008','',6);
INSERT INTO Restaurants VALUES('G','Greek','Pireaus Blues','Fitzroy','2009','',7);
INSERT INTO Restaurants VALUES('H','Hungarian','The Little Hungarian','Caulfield','2010','Very big schnitzels',8);
INSERT INTO Restaurants VALUES('I','Italian','Enoteca','Carlton','2011','Restaurant no longer operating at Enoteca',9);
INSERT INTO Restaurants VALUES('J','Japanese','Shinjuku','Brunswick','2012','',10);
INSERT INTO Restaurants VALUES('K','Korean','Woo Ga','Melbourne','April 2013','',11);
INSERT INTO Restaurants VALUES('L','Lebanese','Ablas','Carlton','August 2014','',12);
INSERT INTO Restaurants VALUES('M','Mexican','La Tortilleria','Kensington','December 2014','',13);
INSERT INTO Restaurants VALUES('N','Nepalese','Gurkhas Nepalese','Brunswick','October 2015','',14);
INSERT INTO Restaurants VALUES('O','Omani','Maha','Melbourne','September 2016','Lunch, Egan''s choice',15);
INSERT INTO Restaurants VALUES('P','Peruvian','Pastuso','Melbourne CBD','June 2017','Lunch, Convery''s choice',16);
INSERT INTO Restaurants VALUES('Q','Qatari','Mama Rumaan','Central Pier Docklands','August 2018','Lunch',17);
INSERT INTO Restaurants VALUES('R','Russian','Nevsky Russian Restaurant','Elsternwick','November 2018','Great food, Transylvanian red wine, tasty vodkas',18);
INSERT INTO Restaurants VALUES('S','Spanish','Simply Spanish','Bourke Street Melbourne','September 2019','Egan''s selection',19);
INSERT INTO Restaurants VALUES('T','Tibetan','Tibetan Wild Yak','Northcote','February 2021','Convery''s: Tibetan',20);
INSERT INTO Restaurants VALUES('U','United Kingdom','The Cornish Arms','Brunswick','December 2021','Egan''s: Selected United Kingdom (British cuisine)',21);
INSERT INTO Restaurants VALUES('V','Vietnamese','Huyen Linh 2','Moonee Ponds','October 2023','Convery''s (Vietnam, Venezuela or Vanuatu)',22);
INSERT INTO Restaurants VALUES('W','Welsh (British)','Reed House','Melbourne CBD','October 2024','Egan''s: Reed House for British & Welsh Rarebit',23);
INSERT INTO Restaurants VALUES('X','','','','Maybe February or March 2025','Convery''s (very tricky as no countries begin with the letter ''X'', suggest a free choice)',24);
INSERT INTO Restaurants VALUES('Y','','','','','Egan''s (could be Yemeni or Yum Cha)',25);
INSERT INTO Restaurants VALUES('Z','','','','','Convery''s (either Zambia or Zimbabwe; maybe just have African!)',26);
CREATE TABLE IF NOT EXISTS "IconColour" (
    TripID INTEGER UNIQUE NOT NULL,
    trip TEXT NOT NULL,
    icon_colour TEXT NOT NULL,
    auto_id INTEGER PRIMARY KEY AUTOINCREMENT
);
INSERT INTO IconColour VALUES(1,'1998: Disneyland','Red',1);
INSERT INTO IconColour VALUES(2,'2003: Canada','Blue',2);
INSERT INTO IconColour VALUES(3,'2005/2006: Central America','Green',3);
INSERT INTO IconColour VALUES(4,'2007: Thailand','Yellow',4);
INSERT INTO IconColour VALUES(5,'2007/2008: UK & Europe','Orange',5);
INSERT INTO IconColour VALUES(6,'2009: Japan','Purple',6);
INSERT INTO IconColour VALUES(7,'2009: Egypt & Jordan','Pink',7);
INSERT INTO IconColour VALUES(8,'2010/2011: Vietnam & Cambodia','Brown',8);
INSERT INTO IconColour VALUES(9,'2011: Ireland','Cyan',9);
INSERT INTO IconColour VALUES(10,'2012: New Zealand','Magenta',10);
INSERT INTO IconColour VALUES(11,'2013: France & UK','Lime',11);
INSERT INTO IconColour VALUES(12,'2014: Asia, Russia & Scandinavia','Teal',12);
INSERT INTO IconColour VALUES(13,'2015: Bali (Judy 60th)','Indigo',13);
INSERT INTO IconColour VALUES(14,'2016: Italy','Violet',14);
INSERT INTO IconColour VALUES(15,'2017/2018: Singapore','Olive',15);
INSERT INTO IconColour VALUES(16,'2019: Western Europe','Maroon',16);
INSERT INTO IconColour VALUES(17,'2019: Central Otago NZ','Gold',17);
INSERT INTO IconColour VALUES(18,'2022/2023: Malaysia','Crimson',18);
INSERT INTO IconColour VALUES(19,'2023: Europe (Garry''s 70th)','DarkBlue',19);
INSERT INTO IconColour VALUES(20,'2024: Sri Lanka','DarkGreen',20);
INSERT INTO IconColour VALUES(60,'Australian local travel','Gold',21);
INSERT INTO IconColour VALUES(21,'2025: Singapore (Judy 70th)','DarkOrange',22);
INSERT INTO IconColour VALUES(22,'2026: The Balkans','DarkRed',23);
INSERT INTO IconColour VALUES(72,'Future Trip 2','DeepPink',24);
INSERT INTO IconColour VALUES(73,'Future Trip 3','Firebrick',25);
INSERT INTO IconColour VALUES(74,'Future Trip 4','ForestGreen',26);
INSERT INTO IconColour VALUES(75,'Future Trip 5','MediumBlue',27);
INSERT INTO IconColour VALUES(76,'Future Trip 6','MediumVioletRed',28);
INSERT INTO IconColour VALUES(91,'Home','Gray',29);
INSERT INTO IconColour VALUES(92,'Business','LightGray',30);
CREATE TABLE IF NOT EXISTS "Maps" (
    ID INTEGER NOT NULL,
    name TEXT,
    address TEXT,
    Country TEXT,
    VisitDate TEXT DEFAULT NULL,
    latitude REAL,
    longitude REAL,
    photo TEXT DEFAULT NULL,
    TripID INTEGER,
    hide INTEGER DEFAULT (0),
    auto_id INTEGER PRIMARY KEY AUTOINCREMENT,
    FOREIGN KEY (TripID) REFERENCES IconColour (TripID) ON DELETE CASCADE
);
INSERT INTO Maps VALUES(20,'Los Angeles','Los Angeles International Airport, California, USA','USA','2007',33.943901,-118.4086,'LAX1',5,0,1);
INSERT INTO Maps VALUES(30,'Santa Monica Pier','Santa Monica, California, USA','USA','2007',34.008598,-118.498001,'SantaMonica',5,0,2);
INSERT INTO Maps VALUES(50,'London','London, England','England','2007',51.5131,-0.1822,'London',5,0,3);
INSERT INTO Maps VALUES(60,'Stonehenge (UNESCO)','Salisbury England','England','2007',51.065563,-1.782532,'Stonehenge',5,0,4);
INSERT INTO Maps VALUES(70,'Bristol','Bristol England','England','2007',51.455719,-2.592773,'Bristol',5,0,5);
INSERT INTO Maps VALUES(80,'Bath (UNESCO)','Bath England','England','2007',51.38464,-2.359314,'Bath',5,0,6);
INSERT INTO Maps VALUES(90,'King Arthur''s Tomb','Glastonbury England','England','2007',51.145775,-2.730103,'Glastonbury',5,0,7);
INSERT INTO Maps VALUES(100,'Oxford','Oxford, England','England','2007',51.74744,-1.257935,'Oxford',5,0,8);
INSERT INTO Maps VALUES(102,'Bourton-on-the-water','Cotswold, England','England','2007',51.883148,-1.756852,'BourtonOnTheWater',5,0,9);
INSERT INTO Maps VALUES(104,'Warwick Castle','Warwick, England','England','2007',52.279678,-1.585164,'WarwickCastle',5,0,10);
INSERT INTO Maps VALUES(105,'Blenheim Palace','Woodstock, Oxfordshire, England','England','2007',51.842033,-1.361629,'BlenheimPalace',5,0,11);
INSERT INTO Maps VALUES(108,'Stratford-upon-Avon','Stratord-upon-Avon, England','England','2007',52.191044,-1.703578,'StratfordUponAvon',5,0,12);
INSERT INTO Maps VALUES(110,'Ironbridge','Ironbridge England','England','2007',52.627338,-2.485431,'IronBridge',5,0,13);
INSERT INTO Maps VALUES(120,'York','York England','England','2007',53.955837,-1.080083,'York',5,0,14);
INSERT INTO Maps VALUES(130,'Alnwick','Alnwick England','England','2007',55.412647,-1.702881,'Alnwick',5,0,15);
INSERT INTO Maps VALUES(136,'Bamburgh Castle','Bamburgh England','England','2007',55.610001,-1.712086,'BamburghCastle',5,0,16);
INSERT INTO Maps VALUES(140,'Endinburgh','Enginburgh Scotland','Scotland','2007',55.948898,-3.1961,'Endinburgh',5,0,17);
INSERT INTO Maps VALUES(150,'Rosslyn Chapel','Roslin, Scotland','Scotland','2007',55.859123,-3.167571,'RosslynChapel',5,0,18);
INSERT INTO Maps VALUES(160,'Loch Ness','Fort Augustus, Scotland','Scotland','2007',57.146599,-4.678,'LochNess1',5,0,19);
INSERT INTO Maps VALUES(170,'St Andrew''s','St Andrew''s, Scotland','Scotland','2007',56.3466,-2.8098,'StAndrews',5,0,20);
INSERT INTO Maps VALUES(180,'Brigadoon','Alloway, Scotland','Scotland','2007',55.4259,-4.6369,'Brigadoon4',5,0,21);
INSERT INTO Maps VALUES(190,'Glasgow','Glasgow, Scotland','Scotland','2007',55.857498,-4.2575,'Glasgow',5,0,22);
INSERT INTO Maps VALUES(195,'Glengoyne Distillery','Dumgoyne, Scotland','Scotland','2007',56.022427,-4.372998,'Glengoyne',5,0,23);
INSERT INTO Maps VALUES(200,'Dublin','Dublin, Ireland','Ireland','2007',53.345798,-6.2621,'Dublin',5,0,24);
INSERT INTO Maps VALUES(210,'Kilkenny','Kilkenny, Ireland','Ireland','2007',52.650398,-7.2492,'Kilkenny',5,0,25);
INSERT INTO Maps VALUES(220,'Waterford Crystal','Waterford, Ireland','Ireland','2007',52.257702,-7.1282,'None',5,0,26);
INSERT INTO Maps VALUES(230,'Blarney Castle','Blarney, Ireland','Ireland','2007',51.929184,-8.570495,'BlarneyCastle',5,0,27);
INSERT INTO Maps VALUES(240,'Killarney','Killarney, Ireland','Ireland','2007',52.057301,-9.5112,'Killarney',5,0,28);
INSERT INTO Maps VALUES(242,'Ring of Kerry, stop 1','Killarney, Ireland','Ireland','2007',51.947651,-10.223122,'RingofKerry1',5,0,29);
INSERT INTO Maps VALUES(244,'Ring of Kerry, stop 2','Killarney, Ireland','Ireland','2007',51.827717,-10.171967,'RingofKerry2',5,0,30);
INSERT INTO Maps VALUES(246,'Ring of Kerry, stop 3','Killarney, Ireland','Ireland','2007',51.879032,-9.583168,'RingofKerry3',5,0,31);
INSERT INTO Maps VALUES(249,'Doolin Cave','Doolin, Ireland','Ireland','2007',53.016022,-9.377518,'DoolinCave',5,0,32);
INSERT INTO Maps VALUES(250,'Cliffs of Moher','County Clare, Ireland','Ireland','2007',52.954201,-9.45,'CliffsMohor',5,0,33);
INSERT INTO Maps VALUES(260,'Galway','Galway, Ireland','Ireland','2007',53.266399,-9.0642,'Galway',5,0,34);
INSERT INTO Maps VALUES(264,'Kylemore Abbey','Kylemore, Ireland','Ireland','2007',53.559429,-9.907436,'KylemoreAbbey',5,0,35);
INSERT INTO Maps VALUES(280,'Paris','Paris, France','France','2007',48.855537,2.363048,'Paris',5,0,36);
INSERT INTO Maps VALUES(290,'Chartres','Chartres, France','France','2007',48.449615,1.485257,'Chartres',5,0,37);
INSERT INTO Maps VALUES(300,'Le Mans','Le Mans, France','France','2007',48.007153,0.200157,'None',5,0,38);
INSERT INTO Maps VALUES(310,'Rennes','Rennes, France','France','2007',48.104252,-1.673183,'Rennes',5,0,39);
INSERT INTO Maps VALUES(320,'La Mont Saint Michel','Brittany, France','France','2007',48.635971,-1.511307,'MontSaintMichel',5,0,40);
INSERT INTO Maps VALUES(340,'Tours','Tours, France','France','2007',47.389751,0.688877,'Tours',5,0,41);
INSERT INTO Maps VALUES(342,'Azay le Rideau','Azay le Rideau, France','France','2007',47.259769,0.464162,'AzayleRideau',5,0,42);
INSERT INTO Maps VALUES(344,'Villandry','Tours, France','France','2007',47.340569,0.512946,'Villandry',5,0,43);
INSERT INTO Maps VALUES(354,'Versailles Palace','Versailles, France','France','2007',48.804714,2.120533,'Versailles',5,0,44);
INSERT INTO Maps VALUES(360,'Basilique Notre Dame de Fourviere','Lyon, France','France','2007',45.752552,4.829521,'Lyon',5,0,45);
INSERT INTO Maps VALUES(370,'Pont d''Avignon','Avignon, France','France','2007',43.952045,4.806476,'Avignon',5,0,46);
INSERT INTO Maps VALUES(380,'Nimes','Nimes, France','France','2007',43.83493,4.359555,'Nimes',5,0,47);
INSERT INTO Maps VALUES(390,'Ponte du Gard','Avignon, France','France','2008',43.947319,4.535186,'PontduGard',5,0,48);
INSERT INTO Maps VALUES(400,'Nice','Nice, France','France','2008',43.693321,7.252007,'Nice',5,0,49);
INSERT INTO Maps VALUES(420,'Cannes','Cannes, France','France','2008',43.551785,7.009277,'Cannes',5,0,50);
INSERT INTO Maps VALUES(440,'Monte Carlo','Monaco','Monaco','2008',43.731384,7.420321,'MonteCarlo',5,0,51);
INSERT INTO Maps VALUES(460,'Milan','Nice, Italy','Italy','2008',45.465279,9.188905,'Milan',5,0,52);
INSERT INTO Maps VALUES(470,'Lake Como','Nice, Italy','Italy','2008',45.813366,9.083633,'LakeComo',5,0,53);
INSERT INTO Maps VALUES(490,'Verona','Verona, Italy','Italy','2008',45.439175,10.99371,'Verona',5,0,54);
INSERT INTO Maps VALUES(500,'Venice','Venice, Italy','Italy','2008',45.434959,12.33284,'Venice',5,0,55);
INSERT INTO Maps VALUES(510,'Florence','Florence, Italy','Italy','2008',43.77066,11.25721,'Florence',5,0,56);
INSERT INTO Maps VALUES(520,'Pisa','Pisa, Italy','Italy','2008',43.72039,10.40342,'Pisa',5,0,57);
INSERT INTO Maps VALUES(530,'Lucca','Lucca, Italy','Italy','2008',43.842205,10.502586,'Lucca',5,0,58);
INSERT INTO Maps VALUES(550,'Cinque Terre','Verona, Italy','Italy','2008',44.099667,9.738178,'CinqueTerre',5,0,59);
INSERT INTO Maps VALUES(570,'Rome','Rome, Italy','Italy','2008',41.89819,12.479353,'Rome',5,0,60);
INSERT INTO Maps VALUES(575,'St. Peter''s Basilical, Rome','Vatican','Vatican','2008',41.90195,12.45401,'None',5,0,61);
INSERT INTO Maps VALUES(580,'Naples','Naples, Italy','Italy','2008',40.853554,14.27639,'None',5,0,62);
INSERT INTO Maps VALUES(590,'Sorrento','Sorrento, Italy','Italy','2008',40.627502,14.376297,'Sorrento',5,0,63);
INSERT INTO Maps VALUES(600,'Pompeii','Pompeii, Italy','Italy','2008',40.753368,14.479465,'Pompeii',5,0,64);
INSERT INTO Maps VALUES(620,'Capri','Capri, Italy','Italy','2008',40.551243,14.241371,'Capri1',5,0,65);
INSERT INTO Maps VALUES(650,'Santander','Santander, Spain','Spain','2008',43.462887,-3.797836,'Santander',5,0,66);
INSERT INTO Maps VALUES(660,'Guggenheim','Bilbao, Spain','Spain','2008',43.259487,-2.925067,'Guggenheim',5,0,67);
INSERT INTO Maps VALUES(680,'Madrid','Madrid, Spain','Spain','2008',40.419899,-3.70574,'Madrid',5,0,68);
INSERT INTO Maps VALUES(690,'Toledo','Toledo, Spain','Spain','2008',39.858364,-4.023743,'Toledo',5,0,69);
INSERT INTO Maps VALUES(710,'Barcelona','Barcelona, Spain','Spain','2008',41.377583,2.176151,'Barcelona',5,0,70);
INSERT INTO Maps VALUES(720,'Montserrat Abbey','Montserrat, Spain','Spain','2008',41.608768,1.809912,'MontserratAbbey',5,0,71);
INSERT INTO Maps VALUES(740,'Granada','Granada, Spain','Spain','2008',37.177826,-3.603516,'Granada',5,0,72);
INSERT INTO Maps VALUES(750,'Seville','Seville, Spain','Spain','2008',37.383251,-5.980682,'Seville',5,0,73);
INSERT INTO Maps VALUES(760,'Tariffa','Tariffa, Spain','Spain','2008',36.012451,-5.604401,'Tariffa',5,0,74);
INSERT INTO Maps VALUES(780,'Faro','Faro, Portugal','Portugal','2008',37.019001,-7.932129,'Faro',5,0,75);
INSERT INTO Maps VALUES(790,'Silves','Silves, Portugal','Portugal','2008',37.187672,-8.4375,'Silves',5,0,76);
INSERT INTO Maps VALUES(810,'Evora','Evora, Portugal','Portugal','2008',38.570717,-7.910156,'Evora',5,0,77);
INSERT INTO Maps VALUES(820,'Lisbon','Lisbon, Portugal','Portugal','2008',38.710159,-9.155731,'Lisbon',5,0,78);
INSERT INTO Maps VALUES(830,'Sintra','Sintra, Portugal','Portugal','2008',38.799049,-9.387817,'Sintra',5,0,79);
INSERT INTO Maps VALUES(850,'Porto','Porto, Portugal','Portugal','2008',41.146603,-8.586502,'Porto',5,0,80);
INSERT INTO Maps VALUES(860,'Prehistoric Rock Art','Central Eastern Portugal','Portugal','2008',41.070553,-7.153473,'RockArt',5,0,81);
INSERT INTO Maps VALUES(880,'BOM Jesus','Braga, Portugal','Portugal','2008',41.55304,-8.423424,'Braga',5,0,82);
INSERT INTO Maps VALUES(890,'Ponte de Lima','Ponte de Lima, Portugal','Portugal','2008',41.768902,-8.5849,'PontedeLima',5,0,83);
INSERT INTO Maps VALUES(910,'Santiago de Compostela','Santiago de Compostela, Spain','Spain','2008',42.8713,-8.5472,'SantiagodeCompostela',5,0,84);
INSERT INTO Maps VALUES(920,'Tower of Hercules','La Coruna, Spain','Spain','2008',43.385963,-8.406601,'TowerofHercules',5,0,85);
INSERT INTO Maps VALUES(1010,'Windsor','Windsor, Canada','Canada','2003',42.3293,-82.963303,'Windsor',2,0,86);
INSERT INTO Maps VALUES(1020,'Welland Canal','Port Colborne, Ontario Canada','Canada','2003',42.8974,-79.2463,'Welland',2,0,87);
INSERT INTO Maps VALUES(1030,'Rochester (home of Eastman Kodak)','Rochester, New York USA','Canada','2003',43.1548,-77.609596,'Rochester',2,0,88);
INSERT INTO Maps VALUES(1040,'Niagra On The Lake (NOTL)','Niagra On The Lake, Ontario Canada','Canada','2003',43.260101,-79.074699,'NOTL',2,0,89);
INSERT INTO Maps VALUES(1050,'Erie','Erie, Pennsylvania USA','USA','2003',42.160702,-80.102303,'Erie',2,0,90);
INSERT INTO Maps VALUES(1060,'Naked Cowboy (Big Apple)','New York, USA','USA','2003',40.771999,-73.972702,'NakedCowboy',2,0,91);
INSERT INTO Maps VALUES(1070,'Waikiki Beach','Hawaii, USA','USA','2003',21.2766,-157.828506,'Waikiki',2,0,92);
INSERT INTO Maps VALUES(2010,'San Francisco','San Francisco, California USA','USA','2005',37.805801,-122.420303,'SanFrancisco',3,0,93);
INSERT INTO Maps VALUES(2020,'Miami','Florida, USA','USA','2005',25.794701,-80.273499,'None',3,0,94);
INSERT INTO Maps VALUES(2030,'Belize City','Belize City, Belize','Belize','2005',17.4942,-88.181602,'BelizeCity',3,0,95);
INSERT INTO Maps VALUES(2040,'San Ignacio','Belize','Belize','2005',17.15,-89.076302,'SanIgnacio',3,0,96);
INSERT INTO Maps VALUES(2050,'Flores','Flores, Guatemala','Guatemala','2005',17.0553,-89.3825,'Flores',3,0,97);
INSERT INTO Maps VALUES(2060,'Antigua','Antigua, Guatemala','Guatemala','2005',14.5601,-90.733299,'Antigua',3,0,98);
INSERT INTO Maps VALUES(2070,'Penajachel (San Pedro La Laguna)','Lake Atitlan, Guatemala','Guatemala','2006',14.7447,-91.1604,'SanPedro',3,0,99);
INSERT INTO Maps VALUES(2080,'Chi Chi Market','Chichicastenango, Guatemala','Guatemala','2006',14.9446,-91.110603,'ChiChi',3,0,100);
INSERT INTO Maps VALUES(2090,'Rio Dulce','Guatemala','Guatemala','2006',15.6585,-88.999199,'RioDulce',3,0,101);
INSERT INTO Maps VALUES(2095,'Livingston','Livingston, Guatemala','Guatemala','2006',15.825496,-88.747765,'None',3,0,102);
INSERT INTO Maps VALUES(2100,'Tikal','Guatemala','Guatemala','2006',17.3255,-89.516602,'Tikal',3,0,103);
INSERT INTO Maps VALUES(2110,'Placencia','Belize','Belize','2006',16.5194,-88.370903,'Placencia',3,0,104);
INSERT INTO Maps VALUES(2120,'Caye Caulker','Belize','Belize','2006',17.6199,-88.089401,'CayeCaulker',3,0,105);
INSERT INTO Maps VALUES(2130,'Los Angeles','California, USA','USA','2006',33.829601,-117.917603,'LosAngeles',3,0,106);
INSERT INTO Maps VALUES(3010,'Bangkok','Thailand','Thailand','2007',13.6874,100.512199,'Bangkok',4,0,107);
INSERT INTO Maps VALUES(3020,'Ao Nang','Krabi, Thailand','Thailand','2007',8.043,98.809303,'AoNang',4,0,108);
INSERT INTO Maps VALUES(3030,'James Bond Island','Khao Phing Kan','Thailand','1998',8.27428,98.55578,'None',4,0,109);
INSERT INTO Maps VALUES(4010,'Disneyland','Anaheim, California USA','USA','1998',33.800999,-117.919502,'Disneyland',1,0,110);
INSERT INTO Maps VALUES(4020,'Fashion Island','Newport Beach, California USA','USA','1998',33.6152,-117.875099,'FashionIsland',1,0,111);
INSERT INTO Maps VALUES(4030,'San Diego Zoo','San Diego, California USA','USA','1998',32.736301,-117.153702,'SanDiegoZooPolarbears',1,0,112);
INSERT INTO Maps VALUES(4040,'Tijuana','Mexico','Mexico','1998',32.320499,-117.048897,'Tijuana',1,0,113);
INSERT INTO Maps VALUES(4050,'Pearl Harbour','Hawaii, USA','USA','1998',21.3689,-157.979004,'PearlHarbour',1,0,114);
INSERT INTO Maps VALUES(5010,'Osaka','Osaka, Japan','Japan','2009',34.686375,135.525284,'Osaka',6,0,115);
INSERT INTO Maps VALUES(5020,'Tokyo','Tokyo, Japan','Japan','2009',35.658592,139.762177,'Tokyo',6,0,116);
INSERT INTO Maps VALUES(5030,'Hiroshima','Hiroshima, Japan','Japan','2009',34.395412,132.453598,'Hiroshima',6,0,117);
INSERT INTO Maps VALUES(5040,'Miyajima','Miyajima, Japan','Japan','2009',34.297295,132.317993,'Miyajima',6,0,118);
INSERT INTO Maps VALUES(5050,'Kyoto','Kyoto, Japan','Japan','2009',35.039513,135.728439,'Kyoto',6,0,119);
INSERT INTO Maps VALUES(6010,'Cairo','Cairo Egypt','Egypt','2009',29.979448,31.13361,'Giza',7,0,120);
INSERT INTO Maps VALUES(6020,'Alexandria','Alexandria, Egypt','Egypt','2009',31.195999,29.993999,'Alexandria',7,0,121);
INSERT INTO Maps VALUES(6030,'Luxor','Luxor, Egypt','Egypt','2009',25.700302,32.639511,'Luxor',7,0,122);
INSERT INTO Maps VALUES(6040,'Aswan','Aswan, Egypt','Egypt','2009',24.0338,32.8745,'Felucca',7,0,123);
INSERT INTO Maps VALUES(6050,'Abu Simbel','Abu Simbel, Egypt','Egypt','2009',22.336803,31.625652,'AbuSimbel',7,0,124);
INSERT INTO Maps VALUES(6060,'St Catherines Monastry (Moses - The Burning Bush)','Sinai Peninsula, Egypt','Egypt','2009',28.555372,33.975452,'StCatherines',7,0,125);
INSERT INTO Maps VALUES(6070,'Mount Sinai','Sinai Peninsula, Egypt','Egypt','2009',28.538872,33.974632,'MtSinai',7,0,126);
INSERT INTO Maps VALUES(6080,'Nuweiba','Red Sea, Egypt','Egypt','2009',29.052601,34.659901,'RedSea',7,0,127);
INSERT INTO Maps VALUES(6110,'Aqaba','Aqaba, Jordan','Jordan','2009',29.552601,34.965199,'Aqaba',7,0,128);
INSERT INTO Maps VALUES(6120,'Wadi Rum','Wadi Rum, Jordan','Jordan','2009',29.586,35.466,'WadiRum',7,0,129);
INSERT INTO Maps VALUES(6130,'Petra','Petra, Jordan','Jordan','2009',30.328714,35.442162,'Petra',7,0,130);
INSERT INTO Maps VALUES(6140,'Madaba','Madaba, Jordan','Jordan','2009',31.71892,35.7943,'Madaba',7,0,131);
INSERT INTO Maps VALUES(6150,'Karak, Jordan','Karak, Jordan','Jordan','2009',31.179691,35.703022,'Karak',7,0,132);
INSERT INTO Maps VALUES(6155,'Dead Sea','Dead Sea, Jordan','Jordan','2009',31.700607,35.582085,'DeadSea',7,0,133);
INSERT INTO Maps VALUES(6160,'Mt Nebo','Mt Nebo, Jordan','Jordan','2009',31.766581,35.750278,'MtNebo',7,0,134);
INSERT INTO Maps VALUES(6170,'Marriott Resport & Spa, Dead Sea','Dead Sea, Jordan','Jordan','2009',31.718525,35.585167,'Marriott',7,0,135);
INSERT INTO Maps VALUES(6180,'Amman','Amman, Jordan','Jordan','2009',31.95767,35.94503,'Amman',7,0,136);
INSERT INTO Maps VALUES(6190,'Jerash Roman Ruins','Jerash, Jordan','Jordan','2009',32.281151,35.891449,'Jerash',7,0,137);
INSERT INTO Maps VALUES(6195,'Queen Alia International Airport (AMM)','Jordan','Jordan','2009',31.722919,35.993858,'NULL',7,0,138);
INSERT INTO Maps VALUES(7010,'Hanoi','Temple of Literature','Vietnam','2010',21.0284,105.836533,'None',8,0,139);
INSERT INTO Maps VALUES(7020,'Halong Bay','Halong Bay','Vietnam','2010',21.026829,107.173004,'None',8,0,140);
INSERT INTO Maps VALUES(7030,'Hue','Hue','Vietnam','2010',16.467241,107.580193,'None',8,0,141);
INSERT INTO Maps VALUES(7040,'China Beach','China Beach','Vietnam','2010',16.0205,108.261597,'None',8,0,142);
INSERT INTO Maps VALUES(7050,'Hoi An','Hoi An','Vietnam','2010',15.87703,108.326561,'None',8,0,143);
INSERT INTO Maps VALUES(7060,'Nha Trang','Nha Trang','Vietnam','2011',12.23392,109.197838,'None',8,0,144);
INSERT INTO Maps VALUES(7070,'Siagon','Siagon','Vietnam','2011',10.769764,106.692764,'None',8,0,145);
INSERT INTO Maps VALUES(7080,'Mekong Delta','Mekong Delta','Cambodia','2011',10.3553,106.3675,'None',8,0,146);
INSERT INTO Maps VALUES(7090,'Phnom Penh','Phnom Penh','Cambodia','2011',11.566923,104.931503,'None',8,0,147);
INSERT INTO Maps VALUES(7100,'Skuon','Deep fried spiders','Cambodia','2011',12.0609,105.0756,'None',8,0,148);
INSERT INTO Maps VALUES(7110,'Tonle Sap Lake','Floating Village','Cambodia','2011',13.2605,103.8237,'None',8,0,149);
INSERT INTO Maps VALUES(7120,'Siem Reap','Siem Reap','Cambodia','2011',13.354664,103.854973,'None',8,0,150);
INSERT INTO Maps VALUES(7130,'Angkor Wat','Angkor Wat','Cambodia','2011',13.4114,103.867599,'None',8,0,151);
INSERT INTO Maps VALUES(8010,'Enniskerry','Powerscourt Gardens','Ireland','August 2011',53.18465,-6.186355,'None',9,0,152);
INSERT INTO Maps VALUES(8020,'Avoca','Ashton House','Ireland','September 2011',52.886116,-6.233,'None',9,0,153);
INSERT INTO Maps VALUES(8030,'Wicklow Mountains','Wicklow Mountains','Ireland','September 2011',53.138401,-6.314,'None',9,0,154);
INSERT INTO Maps VALUES(8040,'Cashel','Rock of Cashel','Ireland','September 2011',52.520802,-7.8886,'None',9,0,155);
INSERT INTO Maps VALUES(8050,'Kilkenny','Kilkenny Castle','Ireland','September 2011',52.650349,-7.24818,'None',9,0,156);
INSERT INTO Maps VALUES(8060,'Cobh','Annie Moore Monument','Ireland','September 2011',51.849682,-8.294989,'None',9,0,157);
INSERT INTO Maps VALUES(8070,'Blarney','Blarney Castle','Ireland','September 2011',51.928951,-8.57092,'None',9,0,158);
INSERT INTO Maps VALUES(8080,'Kinsale','Kinsale','Ireland','September 2011',51.707104,-8.52663,'None',9,0,159);
INSERT INTO Maps VALUES(8090,'Killarney','Killarney','Ireland','September 2011',52.059841,-9.5061,'None',9,0,160);
INSERT INTO Maps VALUES(8100,'Ring of Kerry','Waterville','Ireland','September 2011',51.824612,-10.1719,'None',9,0,161);
INSERT INTO Maps VALUES(8110,'Kenmare','Kenmare','Ireland','September 2011',51.879002,-9.5839,'None',9,0,162);
INSERT INTO Maps VALUES(8120,'Doolin','Doolin','Ireland','September 2011',53.018478,-9.37183,'None',9,0,163);
INSERT INTO Maps VALUES(8130,'Cliffs of Moher','Cliffs of Moher','Ireland','September 2011',52.971828,-9.4273,'None',9,0,164);
INSERT INTO Maps VALUES(8140,'Liscannor','Egan''s Pub','Ireland','September 2011',52.938679,-9.3907,'None',9,0,165);
INSERT INTO Maps VALUES(8150,'Kinvarra','Dunguaire Castle','Ireland','September 2011',53.142269,-8.92596,'None',9,0,166);
INSERT INTO Maps VALUES(8160,'Galway','Eyre Square','Ireland','September 2011',53.274529,-9.049215,'None',9,0,167);
INSERT INTO Maps VALUES(8170,'Cong','Ashford castle','Ireland','September 2011',53.542839,-9.27589,'None',9,0,168);
INSERT INTO Maps VALUES(8180,'Kylemore','Kylemore Abbey','Ireland','September 2011',53.561451,-9.88969,'None',9,0,169);
INSERT INTO Maps VALUES(8200,'Ballina','Ballina','Ireland','September 2011',52.808601,-8.4389,'None',9,0,170);
INSERT INTO Maps VALUES(8210,'Kildare','The Irish National Stud','Ireland','September 2011',53.14484,-6.9024,'None',9,0,171);
INSERT INTO Maps VALUES(8220,'Slane','Slane Castle','Ireland','September 2011',53.709751,-6.56173,'None',9,0,172);
INSERT INTO Maps VALUES(8230,'Dublin','Trinity College','Ireland','September 2011',53.344471,-6.25774,'None',9,0,173);
INSERT INTO Maps VALUES(9010,'Museum Art Hotel','Wellington','New Zealand','April 2012',-41.291538,174.782364,'None',10,0,174);
INSERT INTO Maps VALUES(9020,'Margrain Vineyard Villas','Martinborough','New Zealand','April 2012',-41.2094,175.464828,'None',10,0,175);
INSERT INTO Maps VALUES(9030,'Tui Brewery, Mangatainoka','Mangatainoka','New Zealand','April 2012',-40.42297,175.864746,'None',10,0,176);
INSERT INTO Maps VALUES(9040,'Napier','Napier','New Zealand','April 2012',-39.492531,176.919006,'None',10,0,177);
INSERT INTO Maps VALUES(9050,'Lake Taupo','Taupo','New Zealand','April 2012',-38.688099,176.068405,'None',10,0,178);
INSERT INTO Maps VALUES(9060,'Tongariro National Park','Tongariro','New Zealand','April 2012',-39.20195,175.540451,'None',10,0,179);
INSERT INTO Maps VALUES(9070,'Wanganui','Wanganui','New Zealand','April 2012',-39.932571,175.05191,'None',10,0,180);
INSERT INTO Maps VALUES(9080,'Dugald MacKenzie Rose Garden, Palmerston North','Palmerston North','New Zealand','April 2012',-40.370396,175.614166,'None',10,0,181);
INSERT INTO Maps VALUES(9110,'Wellington Cable Car','Wellington Cable Car (top)','New Zealand','April 2012',-41.28521,174.767761,'None',10,0,182);
INSERT INTO Maps VALUES(9120,'Picton','Piction','New Zealand','April 2012',-41.288269,174.005859,'None',10,0,183);
INSERT INTO Maps VALUES(9130,'Ship Cove','Ship Cove, Queen Charlotte Sound','New Zealand','April 2012',-41.094559,174.234573,'None',10,0,184);
INSERT INTO Maps VALUES(9140,'Bottle Rock Lookout','Bottle Rock Peninsula','New Zealand','April 2012',-41.106102,174.230164,'None',10,0,185);
INSERT INTO Maps VALUES(9150,'Furneaux Lodge','Furneaux Lodge','New Zealand','April 2012',-41.092918,174.187027,'None',10,0,186);
INSERT INTO Maps VALUES(9160,'Punga Cove Resort','Punga Cove','New Zealand','April 2012',-41.129375,174.150681,'None',10,0,187);
INSERT INTO Maps VALUES(9170,'Portage Hotel','Portage','New Zealand','April 2012',-41.198902,174.034897,'None',10,0,188);
INSERT INTO Maps VALUES(9180,'Mistletoe Bay Eco Village','Mistletoe Bay','New Zealand','April 2012',-41.223175,173.972931,'None',10,0,189);
INSERT INTO Maps VALUES(9190,'Anakiwa','Anakiwa','New Zealand','April 2012',-41.26997,173.909027,'None',10,0,190);
INSERT INTO Maps VALUES(10010,'Hotel de Nestle','Paris','France',' May 2013',48.855171,2.339042,'None',11,0,191);
INSERT INTO Maps VALUES(10020,'Monets Garden, Giverny','Giverny','France',' May 2013',49.074966,1.533663,'None',11,0,192);
INSERT INTO Maps VALUES(10030,'Sarlat-la-Caneda','Sarlat-la-Caneda','France',' May 2013',44.890018,1.215738,'None',11,0,193);
INSERT INTO Maps VALUES(10040,'Hostellerie De Meysset','Sarlat-la-Caneda','France',' May 2013',44.900646,1.203086,'None',11,0,194);
INSERT INTO Maps VALUES(10050,'Beynac-et-Cazenac ','Beynac-et-Cazenac ','France',' May 2013',44.839783,1.142119,'None',11,0,195);
INSERT INTO Maps VALUES(10060,'Les Eyzies','Les Eyzies (hotel)','France',' May 2013',44.941109,1.00717,'None',11,0,196);
INSERT INTO Maps VALUES(10070,'Lascaux Cave II','Lascaux Cave II','France','May 2013',45.054062,1.16698,'None',11,0,197);
INSERT INTO Maps VALUES(10080,'Tamnies','Tamnies','France','May 2013',44.964851,1.147068,'None',11,0,198);
INSERT INTO Maps VALUES(10090,'Souillac','Souillac','France','May 2013',44.902039,1.466466,'None',11,0,199);
INSERT INTO Maps VALUES(10100,'London','Nottinghill','England','May 2013',51.513458,-0.193559,'None',11,0,200);
INSERT INTO Maps VALUES(10110,'Bourton-on-the-Water','Bourton-on-the-Water','England','May 2013',51.884163,-1.757453,'None',11,0,201);
INSERT INTO Maps VALUES(10120,'Burford','Burford','England','May 2013',51.808941,-1.63646,'None',11,0,202);
INSERT INTO Maps VALUES(10130,'Bowood, Wiltshire','Rhododendron Gardens','England','May 2013',51.41975,-2.059607,'None',11,0,203);
INSERT INTO Maps VALUES(10140,'Bath','Bath','England','May 2013',51.38171,-2.35797,'None',11,0,204);
INSERT INTO Maps VALUES(10150,'Bradford-on-Avon','Bradford-on-Avon (canal boat lock)','England','May 2013',51.341122,-2.251824,'None',11,0,205);
INSERT INTO Maps VALUES(10160,'Cardiff','Cardiff, Wales','Wales','May 2013',51.46397,-3.16416,'None',11,0,206);
INSERT INTO Maps VALUES(10170,'Cardiff Castle','Cardiff, Wales','Wales','May 2013',51.482689,-3.18191,'None',11,0,207);
INSERT INTO Maps VALUES(10180,'National Botantical Gardens, Wales','Llanarthney, Wales','Wales','May 2013',51.842548,-4.14726,'None',11,0,208);
INSERT INTO Maps VALUES(10190,'Llangollen, UK','Llangollen, UK','Wales','May 2013',52.970772,-3.17029,'None',11,0,209);
INSERT INTO Maps VALUES(10200,'Pontcysyllte Aqueduct','Wrexham, United Kingdom','Wales','May 2013',52.97179,-3.08732,'None',11,0,210);
INSERT INTO Maps VALUES(10210,'Chester','Chester, United Kingdom','England','May 2013',53.192139,-2.89084,'None',11,0,211);
INSERT INTO Maps VALUES(10220,'Cat Bells (hill)','Keswick, United Kingdom','England','May 2013',54.565639,-3.17129,'None',11,0,212);
INSERT INTO Maps VALUES(10230,'The World of Beatrix Potter','Bowness on Windermere, United Kingdom','England','May 2013',54.36525,-2.9196,'None',11,0,213);
INSERT INTO Maps VALUES(10240,'Milecastle Inn','Halfwhistle, United Kingdom','England','May 2013',54.987885,-2.44562,'None',11,0,214);
INSERT INTO Maps VALUES(10250,'Cragside House','Rothbury, United Kingdom','England','May 2013',55.313454,-1.88574,'None',11,0,215);
INSERT INTO Maps VALUES(10260,'Edinburgh','Edinburgh, United Kingdom','Scotland','May 2013',55.944691,-3.19127,'None',11,0,216);
INSERT INTO Maps VALUES(10270,'Dubai, UAE','Le Royal Meridien Beach Resort & Spa','Dubai','May 2013',25.084852,55.138706,'None',11,0,217);
INSERT INTO Maps VALUES(11010,'Vientiane, Laos','Vientiane, Laos','Laos','April 2014',17.962769,102.614426,'None',12,0,218);
INSERT INTO Maps VALUES(11015,'Luang Prabang','Luang Prabang','Laos','April 2014',19.8841,102.141602,'None',12,0,219);
INSERT INTO Maps VALUES(11020,'Macau','Macau','Macau','April 2014',22.198746,113.543877,'None',12,0,220);
INSERT INTO Maps VALUES(11030,'Hong Kong','Hong Kong','Hong Kong','April 2014',22.396427,114.109497,'None',12,0,221);
INSERT INTO Maps VALUES(11040,'Zhangjiajie','Zhangjiajie','China','April 2014',29.117096,110.479195,'None',12,0,222);
INSERT INTO Maps VALUES(11050,'Fenghuang','Fenghuang','China','April 2014',27.948013,109.598724,'None',12,0,223);
INSERT INTO Maps VALUES(11060,'Yangzi River','Yangzi River','China','April 2014',31.846939,120.872864,'None',12,0,224);
INSERT INTO Maps VALUES(11070,'Chongqing','Chongqing','China','April 2014',29.563009,106.551559,'None',12,0,225);
INSERT INTO Maps VALUES(11080,'Chengdu','Chengdu','China','April 2014',30.572269,104.066544,'None',12,0,226);
INSERT INTO Maps VALUES(11090,'Shanghai','Shanghai','China','May 2014',31.230415,121.473701,'None',12,0,227);
INSERT INTO Maps VALUES(11100,'Xitang','Xitang','China','May 2014',37.793915,112.557617,'None',12,0,228);
INSERT INTO Maps VALUES(11110,'Xi''an','Xi''an','China','May 2014',34.341568,108.940178,'None',12,0,229);
INSERT INTO Maps VALUES(11120,'Beijing','Beijing','China','May 2014',39.90403,116.407524,'None',12,0,230);
INSERT INTO Maps VALUES(11130,'Gobi Desert','Gobi Desert','China','May 2014',44.671612,110.039284,'None',12,0,231);
INSERT INTO Maps VALUES(11140,'Ulaanbaatar','Ulaanbaatar','Mongolia','May 2014',47.921379,106.90554,'None',12,0,232);
INSERT INTO Maps VALUES(11145,'Terelj National Park','Mongolia','Mongolia','May 2014',47.880836,107.428169,'None',12,0,233);
INSERT INTO Maps VALUES(11150,'Sukhbaatar','Sukhbaatar','Mongolia','May 2014',50.22715,106.194801,'None',12,0,234);
INSERT INTO Maps VALUES(11160,'Ulan Ude','Ulan Ude','Siberia (Russia)','May 2014',51.833332,107.599998,'None',12,0,235);
INSERT INTO Maps VALUES(11170,'Irkutsk','Irkutsk','Siberia (Russia)','May 2014',52.283333,104.300003,'None',12,0,236);
INSERT INTO Maps VALUES(11180,'Listvyanka ','Listvyanka ','Siberia (Russia)','June 2014',51.849998,104.866669,'None',12,0,237);
INSERT INTO Maps VALUES(11190,'Novosibirsk','Novosibirsk','Siberia (Russia)','June 2014',55.016666,82.933334,'None',12,0,238);
INSERT INTO Maps VALUES(11200,'Omsk','Omsk','Siberia (Russia)','June 2014',54.966667,73.383331,'None',12,0,239);
INSERT INTO Maps VALUES(11210,'Ekaterinburg','Ekaterinburg','Russia','June 2014',56.833332,60.599998,'None',12,0,240);
INSERT INTO Maps VALUES(11220,'Moscow','Moscow','Russia','June 2014',55.755825,37.617298,'None',12,0,241);
INSERT INTO Maps VALUES(11230,'St. Petersburg','St. Petersburg','Russia','June 2014',59.93428,30.335098,'None',12,0,242);
INSERT INTO Maps VALUES(11240,'Helsinki','Helsinki','Finland','June 2014',60.173325,24.941025,'None',12,0,243);
INSERT INTO Maps VALUES(11250,'Stockholm','Stockholm','Sweden','June 2014',59.32893,18.064911,'None',12,0,244);
INSERT INTO Maps VALUES(11260,'Oslo','Oslo','Norway','June 2014',59.913868,10.752245,'None',12,0,245);
INSERT INTO Maps VALUES(11262,'Myrdal','Myrdal railway station (start of Flam railway)','Norway','June 2014',60.735325,7.12246,'None',12,0,246);
INSERT INTO Maps VALUES(11264,'Flam','Flam (start of Sognefjord)','Norway','June 2014',60.864399,7.1185,'None',12,0,247);
INSERT INTO Maps VALUES(11266,'Gudvangen','Gudvangen (end of cruise on Sogneffjord)','Norway','June 2014',60.880402,6.8431,'None',12,0,248);
INSERT INTO Maps VALUES(11270,'Bergen','Bergen','Norway','June 2014',60.391262,5.322054,'None',12,0,249);
INSERT INTO Maps VALUES(11272,'Norwegian Maritime Museums complex','Oslo','Norway','June 2014',59.90332,10.699843,'None',12,0,250);
INSERT INTO Maps VALUES(11274,'Vigeland Park','Oslo','Norway','June 2014',59.926811,10.7017,'None',12,0,251);
INSERT INTO Maps VALUES(11276,'Viking Ship Museum','Oslo','Norway','June 2014',59.904865,10.68448,'None',12,0,252);
INSERT INTO Maps VALUES(11278,'Edvard Munch Museum','Oslo','Norway','June 2014',59.91703,10.77437,'None',12,0,253);
INSERT INTO Maps VALUES(11280,'Copenhagen','Copenhagen','Denmark','June 2014',55.676098,12.568337,'None',12,0,254);
INSERT INTO Maps VALUES(11282,'Louisiana Museum of Modern Art','Humleaek, Denmark','Denmark','June 2014',55.968948,12.54287,'None',12,0,255);
INSERT INTO Maps VALUES(11300,'Kamala Beach','Kamala Beach, Phuket','Thailand','June 2014',7.952254,98.283653,'None',12,0,256);
INSERT INTO Maps VALUES(11500,'Seminyak, Bali Indonesia','Seminyak Bali','Indonesia','September 2015',-8.683835,115.157272,'None',13,0,257);
INSERT INTO Maps VALUES(11510,'Ubud, Bali Indonesia','Ubud Bali','Indonesia','September 2015',-8.50682,115.26233,'None',13,0,258);
INSERT INTO Maps VALUES(12010,'Hong Kong','Hong Kong','Hong Kong','April 2016',22.293308,114.173958,'None',14,0,259);
INSERT INTO Maps VALUES(12020,'Milan','Milan','Italy','April 2016',45.478069,9.149913,'None',14,0,260);
INSERT INTO Maps VALUES(12030,'Siena','Siena','Italy','April 2016',43.318512,11.331537,'None',14,0,261);
INSERT INTO Maps VALUES(12040,'Montalcino','Montalcino','Italy','April 2016',43.060654,11.489924,'None',14,0,262);
INSERT INTO Maps VALUES(12050,'Orvieto','Orvieto','Italy','April 2016',42.71727,12.113097,'None',14,0,263);
INSERT INTO Maps VALUES(12060,'Rome','Rome','Italy','April 2016',41.892471,12.470928,'None',14,0,264);
INSERT INTO Maps VALUES(12070,'Tivoli','Tivoli','Italy','May 2016',41.963261,12.795853,'None',14,0,265);
INSERT INTO Maps VALUES(12100,'Positano','Positano','Italy','May 2016',40.630043,14.486337,'None',14,0,266);
INSERT INTO Maps VALUES(12110,'Praino','Praino','Italy','May 2016',40.610592,14.524829,'None',14,0,267);
INSERT INTO Maps VALUES(12120,'Ravello','Ravello','Italy','May 2016',40.649307,14.611484,'None',14,0,268);
INSERT INTO Maps VALUES(12130,'Amalfi','Amalfi','Italy','May 2016',40.633701,14.602542,'None',14,0,269);
INSERT INTO Maps VALUES(12140,'Path of the Gods','Path of the Gods','Italy','May 2016',40.624187,14.529368,'None',14,0,270);
INSERT INTO Maps VALUES(12150,'Cefalu, Sicily','Cefalu, Sicily','Sicily','May 2016',38.035114,14.015767,'None',14,0,271);
INSERT INTO Maps VALUES(12160,'Scopello','Scopello','Sicily','May 2016',38.07029,12.817865,'None',14,0,272);
INSERT INTO Maps VALUES(12170,'Agrigento','Agrigento','Sicily','May 2016',37.309959,13.585513,'None',14,0,273);
INSERT INTO Maps VALUES(12180,'Valley of the Temples','Valley of the Temples','Sicily','May 2016',37.290642,13.584151,'None',14,0,274);
INSERT INTO Maps VALUES(12190,'Taormina','Taormina','Sicily','May 2016',37.852345,15.292282,'None',14,0,275);
INSERT INTO Maps VALUES(12200,'Lecce','Lecce','Italy','May 2016',40.352451,18.169321,'None',14,0,276);
INSERT INTO Maps VALUES(12210,'Otranto','Otranto','Italy','May 2016',40.146664,18.488585,'None',14,0,277);
INSERT INTO Maps VALUES(12220,'Ostuni','Ostuni','Italy','May 2016',40.728638,17.579744,'None',14,0,278);
INSERT INTO Maps VALUES(12230,'Alberobello','Alberobello','Italy','May 2016',40.783123,17.237776,'None',14,0,279);
INSERT INTO Maps VALUES(12240,'Matera','Matera','Italy','May 2016',40.666965,16.606367,'None',14,0,280);
INSERT INTO Maps VALUES(12250,'Treviso','Treviso','Italy','May 2016',45.653477,12.203651,'None',14,0,281);
INSERT INTO Maps VALUES(12260,'Rovinji','Rovinji','Croatia','May 2016',45.083523,13.630077,'None',14,0,282);
INSERT INTO Maps VALUES(12270,'Pazin','Pazin','Croatia','June 2016',45.24025,13.930673,'None',14,0,283);
INSERT INTO Maps VALUES(12280,'Porec','Porec','Croatia','June 2016',45.226856,13.593347,'None',14,0,284);
INSERT INTO Maps VALUES(12290,'Pula','Pula','Croatia','June 2016',44.873203,13.85009,'None',14,0,285);
INSERT INTO Maps VALUES(12300,'Skocjan Caves','Skocjan Caves','Slovenia','June 2016',45.665688,13.989231,'None',14,0,286);
INSERT INTO Maps VALUES(12310,'Lake Bled','Lake Bled','Slovenia','June 2016',46.362316,14.090167,'None',14,0,287);
INSERT INTO Maps VALUES(12320,'Venice','Venice','Italy','June 2016',45.507439,12.342082,'None',14,0,288);
INSERT INTO Maps VALUES(12330,'Salzburg','Salsburg','Austria','June 2016',47.803699,13.047346,'None',14,0,289);
INSERT INTO Maps VALUES(12340,'Hellbrunn','Hellbrunn','Austria','June 2016',47.762257,13.060833,'None',14,0,290);
INSERT INTO Maps VALUES(12350,'Vienna','Vienna','Austria','June 2016',48.193714,16.380499,'None',14,0,291);
INSERT INTO Maps VALUES(12360,'Valtice','Valtice','Czechia','June 2016',48.739952,16.756418,'None',14,0,292);
INSERT INTO Maps VALUES(12370,'Lednice','Lednice','Czechia','June 2016',48.801136,16.80537,'None',14,0,293);
INSERT INTO Maps VALUES(12380,'Mikulov','Mikulov','Czechia','June 2016',48.805443,16.635962,'None',14,0,294);
INSERT INTO Maps VALUES(12384,'Divci hrady','Divci hrady','Czechia','June 2016',48.875488,16.661383,'None',14,0,295);
INSERT INTO Maps VALUES(12387,'Sirotci hradek ','Sirotci hradek ','Czechia','June 2016',48.845428,16.640507,'None',14,0,296);
INSERT INTO Maps VALUES(12390,'Cizov','Cizov','Czechia','June 2016',49.351818,15.588365,'None',14,0,297);
INSERT INTO Maps VALUES(12400,'Hardegg ','Hardegg ','Czechia','June 2016',48.857388,15.861015,'None',14,0,298);
INSERT INTO Maps VALUES(12410,'Vranov ','Vranov ','Czechia','June 2016',48.895203,15.812893,'None',14,0,299);
INSERT INTO Maps VALUES(12420,'Telc','Telc','Czechia','June 2016',49.183743,15.454854,'None',14,0,300);
INSERT INTO Maps VALUES(12430,'Slavonice','Slavonice','Czechia','June 2016',48.997417,15.351837,'None',14,0,301);
INSERT INTO Maps VALUES(12440,'Landstejn','Landstejn','Czechia','June 2016',49.026264,15.229863,'None',14,0,302);
INSERT INTO Maps VALUES(12450,'Nova Bystrice','Nova Bystrice','Czechia','June 2016',49.019382,15.102758,'None',14,0,303);
INSERT INTO Maps VALUES(12460,'Jindrichuv Hradec','Jindrichuv Hradec','Czechia','June 2016',49.143848,15.00308,'None',14,0,304);
INSERT INTO Maps VALUES(12470,'Trebon','Trebon','Czechia','June 2016',49.00288,14.768037,'None',14,0,305);
INSERT INTO Maps VALUES(12480,'Kojakovice','Kojakovice','Czechia','June 2016',48.930092,14.739362,'None',14,0,306);
INSERT INTO Maps VALUES(12490,'Cesky Krumlov','Cesky Krumlov','Czechia','June 2016',48.810612,14.315003,'None',14,0,307);
INSERT INTO Maps VALUES(12500,'Mount Klet','Klet','Czechia','June 2016',48.865501,14.283129,'None',14,0,308);
INSERT INTO Maps VALUES(12510,'Prague','Prague','Czechia','June 2016',50.081429,14.407878,'None',14,0,309);
INSERT INTO Maps VALUES(12520,'Munich','Munich','Germany','June 2016',48.160511,11.598278,'None',14,0,310);
INSERT INTO Maps VALUES(12530,'Neuschwanstein Castle','Neuschwanstein Castle','Germany','June 2016',47.557594,10.749721,'None',14,0,311);
INSERT INTO Maps VALUES(12540,'Linderhof Palace','Linderhof Palace','Germany','June 2016',47.571426,10.950831,'None',14,0,312);
INSERT INTO Maps VALUES(12550,'Oberammergau','Oberammergau','Germany','June 2016',47.598648,11.061091,'None',14,0,313);
INSERT INTO Maps VALUES(12560,'Zurich','Zurich','Switzerland','June 2016',47.374401,8.542495,'None',14,0,314);
INSERT INTO Maps VALUES(12570,'Chur','Chur','Switzerland','June 2016',46.853157,9.52891,'None',14,0,315);
INSERT INTO Maps VALUES(12580,'Tirano','Tirano','Italy','June 2016',46.215668,10.166411,'None',14,0,316);
INSERT INTO Maps VALUES(12590,'Milan','Milan','Italy','July 2016',45.472725,9.176584,'None',14,0,317);
INSERT INTO Maps VALUES(13500,'Singapore','Singapore','Singapore','December 2017',1.29101,103.84155,'None',15,0,318);
INSERT INTO Maps VALUES(14010,'Amsterdam','Hotel La Boheme','Netherlands','April 2019',52.364582,4.880942,'None',16,0,319);
INSERT INTO Maps VALUES(14020,'Keukenhof Gardens','Keukenhof Gardens','Netherlands','April 2019',52.27002,4.54369,'None',16,0,320);
INSERT INTO Maps VALUES(14030,'Windmills at Zaanse Schans','Zaanse Schans','Netherlands','April 2019',52.472889,4.82185,'None',16,0,321);
INSERT INTO Maps VALUES(14040,'Mauritshuis','The Hague','Netherlands','April 2019',52.08028,4.31442,'None',16,0,322);
INSERT INTO Maps VALUES(14050,'Delft','Delft','Netherlands','April 2019',52.011581,4.35707,'None',16,0,323);
INSERT INTO Maps VALUES(14060,'Antwerp','Antwerp','Belgium','April 2019',51.218712,4.39603,'None',16,0,324);
INSERT INTO Maps VALUES(14070,'Brugges','Brugges','Belgium','April 2019',51.209351,3.2247,'None',16,0,325);
INSERT INTO Maps VALUES(14080,'Brussels','Brussels','Belgium','May 2019',50.845119,4.35007,'None',16,0,326);
INSERT INTO Maps VALUES(14090,'Luxembourg','Luxembourg','Luxembourg','May 2019',49.60973,6.1312,'None',16,0,327);
INSERT INTO Maps VALUES(14100,'Dinant','Dinant','Belgium','May 2019',50.26049,4.91275,'None',16,0,328);
INSERT INTO Maps VALUES(14110,'Leuven','Leuven','Belgium','May 2019',50.87896,4.70117,'None',16,0,329);
INSERT INTO Maps VALUES(14120,'Salamanca','Salamanca','Spain','May 2019',40.964882,-5.66415,'None',16,0,330);
INSERT INTO Maps VALUES(14130,'Madrid','Madrid','Spain','May 2019',40.416321,-3.71082,'None',16,0,331);
INSERT INTO Maps VALUES(14140,'Toledo','Toledo','Spain','May 2019',39.863091,-4.02515,'None',16,0,332);
INSERT INTO Maps VALUES(14150,'Barcelona','Barcelona','Spain','May 2019',41.389919,2.1599,'None',16,0,333);
INSERT INTO Maps VALUES(14160,'Girona','Girona','Spain','May 2019',41.987541,2.8261,'None',16,0,334);
INSERT INTO Maps VALUES(14170,'Bologna','Bologna','Italy','May 2019',44.49427,11.3523,'None',16,0,335);
INSERT INTO Maps VALUES(14180,'Turin','Turin','Italy','May 2019',45.06953,7.68246,'None',16,0,336);
INSERT INTO Maps VALUES(14190,'Dogliani','Dogliani','Italy','May 2019',44.521591,7.94675,'None',16,0,337);
INSERT INTO Maps VALUES(14200,'Romano Canavese','Romano Canavese','Italy','May 2019',45.387619,7.8694,'None',16,0,338);
INSERT INTO Maps VALUES(14210,'Isola Superiore','Isola Superiore','Italy','May 2019',45.900002,8.521806,'None',16,0,339);
INSERT INTO Maps VALUES(14220,'San Sebastian','San Sebastian','Spain','June 2019',43.321072,-1.98123,'None',16,0,340);
INSERT INTO Maps VALUES(14230,'Porto','Porto','Portugal','June 2019',41.143181,-8.61442,'None',16,0,341);
INSERT INTO Maps VALUES(14240,'Aveiro','Aveiro','Portugal','June 2019',40.641514,-8.654317,'None',16,0,342);
INSERT INTO Maps VALUES(14250,'Lisbon','Lisbon','Portugal','June 2019',38.715599,-9.145017,'None',16,0,343);
INSERT INTO Maps VALUES(14260,'Sintra','Sintra','Portugal','June 2019',38.784939,-9.39108,'None',16,0,344);
INSERT INTO Maps VALUES(14270,'Tavira','Tavira','Portugal','June 2019',37.125912,-7.65025,'None',16,0,345);
INSERT INTO Maps VALUES(14280,'Seville','Seville','Spain','June 2019',37.387051,-5.98915,'None',16,0,346);
INSERT INTO Maps VALUES(14290,'Cordoba','Cordoba','Spain','June 2019',37.8806,-4.775,'None',16,0,347);
INSERT INTO Maps VALUES(15110,'Queenstown','Queenstown','New Zealand','November 2019',-45.032898,168.658417,'None',17,0,348);
INSERT INTO Maps VALUES(15120,'Arrowtown','Arrowtown','New Zealand','November 2019',-44.938812,168.833252,'None',17,0,349);
INSERT INTO Maps VALUES(15130,'Cromwell','Cromwell','New Zealand','November 2019',-45.050274,169.21196,'None',17,0,350);
INSERT INTO Maps VALUES(15140,'Wanaka','Wanaka','New Zealand','November 2019',-44.698608,169.117401,'None',17,0,351);
INSERT INTO Maps VALUES(15150,'Lake Hawea','Lake Hawea','New Zealand','November 2019',-44.609478,169.278671,'None',17,0,352);
INSERT INTO Maps VALUES(15160,'Cardrona','Cardrona','New Zealand','November 2019',-44.8815,169.003708,'None',17,0,353);
INSERT INTO Maps VALUES(16110,'Kuala Lumpur','Platinum Suites','Malaysia','December 2022',3.15843,101.738998,'None',18,0,354);
INSERT INTO Maps VALUES(16120,'Malacca','Jonker Street','Malaysia','December 2022',2.19522,102.248108,'None',18,0,355);
INSERT INTO Maps VALUES(16130,'Batu Caves','Batu Caves','Malaysia','December 2022',3.23742,101.683792,'None',18,0,356);
INSERT INTO Maps VALUES(16140,'Penang','Maritime Suites','Malaysia','December 2022',5.39846,100.329628,'None',18,0,357);
INSERT INTO Maps VALUES(16150,'The Habitat','Penang Hill','Malaysia','January 2023',5.42447,100.268562,'None',18,0,358);
INSERT INTO Maps VALUES(17101,'Nantes','Nantes','France','September 2023',47.206383,-1.564876,'None',19,0,359);
INSERT INTO Maps VALUES(17201,'Athens','Athens','Greece','September 2023',37.977783,23.73732,'None',19,0,360);
INSERT INTO Maps VALUES(17206,'Hydra','Hydra','Greece','September 2023',37.350723,23.466909,'None',19,0,361);
INSERT INTO Maps VALUES(17211,'Meteora','Meteora','Greece','September 2023',39.719246,21.637114,'None',19,0,362);
INSERT INTO Maps VALUES(17216,'Igoumenista','Igoumenista','Greece','September 2023',39.489403,20.258829,'None',19,0,363);
INSERT INTO Maps VALUES(17301,'Corfu Town','Corfu Town','Greece','September 2023',39.623161,19.925129,'None',19,0,364);
INSERT INTO Maps VALUES(17306,'Acharavi','Acharavi','Greece','September 2023',39.791142,19.814312,'None',19,0,365);
INSERT INTO Maps VALUES(17311,'Kalami Bay','Kalami Bay','Greece','September 2023',39.742226,19.933144,'None',19,0,366);
INSERT INTO Maps VALUES(17316,'Agios Spiridon Beach','Agios Spiridon Beach','Greece','September 2023',39.815845,19.86137,'None',19,0,367);
INSERT INTO Maps VALUES(17321,'Agios Stefanos Harbour','Agios Stefanos Harbour','Greece','September 2023',39.766647,19.947788,'None',19,0,368);
INSERT INTO Maps VALUES(17326,'Canal d''Amour','Canal d''Amour','Greece','September 2023',39.797028,19.698298,'None',19,0,369);
INSERT INTO Maps VALUES(17331,'L Grotta Beach','L Grotta Beach','Greece','September 2023',39.673813,19.718699,'None',19,0,370);
INSERT INTO Maps VALUES(17401,'Paris','Paris','France','September 2023',48.888783,2.349449,'None',19,0,371);
INSERT INTO Maps VALUES(17411,'Disneyland Paris','Disneyland Paris','France','September 2023',48.869312,2.781125,'None',19,0,372);
INSERT INTO Maps VALUES(17421,'Reims','Reims','Sri Lanka','September 2023',49.253708,4.034571,'None',19,0,373);
INSERT INTO Maps VALUES(18101,'Negombo','Regenta Arie Lagoon','Sri Lanka','September 2024',7.168696,79.825684,'None',20,0,374);
INSERT INTO Maps VALUES(18111,'Camellia Resort and Spa','Sigiriya','Sri Lanka','September 2024',7.995328,80.736595,'None',20,0,375);
INSERT INTO Maps VALUES(18115,'Sigiriya Rock','Sigiriya','Sri Lanka','September 2024',7.9566,80.76022,'None',20,0,376);
INSERT INTO Maps VALUES(18121,'Polonnaruwa ','Polonnaruwa Ancient City','Sri Lanka','September 2024',7.94209,80.999084,'None',20,0,377);
INSERT INTO Maps VALUES(18131,'Elephant Sanctuary','Minneriya National Park','Sri Lanka','September 2024',8.002515,80.874535,'None',20,0,378);
INSERT INTO Maps VALUES(18141,'Dambulla Royal Cave Temple','Dambulla Royal Cave Temple','Sri Lanka','September 2024',7.855455,80.651611,'None',20,0,379);
INSERT INTO Maps VALUES(18151,'Kandy','Kandy','Sri Lanka','September 2024',7.29334,80.638718,'None',20,0,380);
INSERT INTO Maps VALUES(18161,'Hotel Topaz Kandy','Kandy','Sri Lanka','September 2024',7.290617,80.624992,'None',20,0,381);
INSERT INTO Maps VALUES(18171,'Rothchild Tea Centre','Kandy','Sri Lanka','September 2024',7.094682,80.648376,'None',20,0,382);
INSERT INTO Maps VALUES(18181,'Nuwara Eliya Town Centre','Nuwara Eliya','Sri Lanka','September 2024',6.97156,80.766495,'None',20,0,383);
INSERT INTO Maps VALUES(18191,'Galway Heights Hotel','Nuwara Eliya','Sri Lanka','September 2024',6.965189,80.781151,'None',20,0,384);
INSERT INTO Maps VALUES(18201,'EKHO Ella','Ella','Sri Lanka','September 2024',6.870942,81.049316,'None',20,0,385);
INSERT INTO Maps VALUES(18211,'Ravana Waterfall','Ravana Waterfall','Sri Lanka','September 2024',6.84109,81.054489,'None',20,0,386);
INSERT INTO Maps VALUES(18221,'Elephant Transit Home','Udawalawa','Sri Lanka','September 2024',6.426473,80.816216,'None',20,0,387);
INSERT INTO Maps VALUES(18231,'Weligama, Sri Lanka','Weligama, Sri Lanka','Sri Lanka','September 2024',5.96523,80.380745,'None',20,0,388);
INSERT INTO Maps VALUES(18241,'South Lake Resort','Koggala','Sri Lanka','September 2024',5.983234,80.337036,'None',20,0,389);
INSERT INTO Maps VALUES(18251,'Galle Dutch Fort','Galle','Sri Lanka','September 2024',6.025074,80.216263,'None',20,0,390);
INSERT INTO Maps VALUES(18261,'Negombo','Earls Regent','Sri Lanka','September 2024',7.22567,79.83963,'None',20,0,391);
INSERT INTO Maps VALUES(80000,'Hobart','Hobart','Australia','NULL',-42.8826055,147.3257196,'None',60,0,392);
INSERT INTO Maps VALUES(80010,'Launceston','Launceston','Australia','NULL',-41.439068,147.1357671,'None',60,0,393);
INSERT INTO Maps VALUES(80020,'Burnie','Burnie','Australia','NULL',-41.0549128,145.9044452,'None',60,0,394);
INSERT INTO Maps VALUES(80030,'Zeehan','Zeehan','Australia','NULL',-41.8829973,145.3359151,'None',60,0,395);
INSERT INTO Maps VALUES(80040,'Huon','Huon','Australia','NULL',-43.13045734,146.7147565,'None',60,0,396);
INSERT INTO Maps VALUES(80050,'Bruny Island','Bruny Island','Australia','NULL',-43.3937074,147.2679116,'None',60,0,397);
INSERT INTO Maps VALUES(80060,'Adelaide','Adelaide','Australia','NULL',-34.9284989,138.6007456,'None',60,0,398);
INSERT INTO Maps VALUES(80070,'Barossa Valley','Barossa Valley','Australia','NULL',-34.5333333,138.95,'None',60,0,399);
INSERT INTO Maps VALUES(80080,'Clare Valley','Clare Valley','Australia','NULL',-33.8335699,138.61,'None',60,0,400);
INSERT INTO Maps VALUES(80090,'Perth','Perth','Australia','NULL',-31.9513993,115.8616783,'None',60,0,401);
INSERT INTO Maps VALUES(80100,'Margaret River','Margaret River','Australia','NULL',-33.9535468,115.0629667,'None',60,0,402);
INSERT INTO Maps VALUES(80110,'Darwin','Darwin','Australia','NULL',-12.4637333,130.8444446,'None',60,0,403);
INSERT INTO Maps VALUES(80120,'Katherine Gorge','Katherine Gorge','Australia','NULL',-14.3,132.4666667,'None',60,0,404);
INSERT INTO Maps VALUES(80130,'Sydney','Sydney','Australia','NULL',-33.8688197,151.2092955,'None',60,0,405);
INSERT INTO Maps VALUES(80140,'Newcastle','Newcastle','Australia','NULL',-32.929100655639651,151.78672690111259,'None',60,0,406);
INSERT INTO Maps VALUES(80150,'Merimbula','Merimbula','Australia','NULL',-36.8880702,149.9062981,'None',60,0,407);
INSERT INTO Maps VALUES(80160,'Canberra','Canberra','Australia','NULL',-35.2801846,149.1310324,'None',60,0,408);
INSERT INTO Maps VALUES(80170,'Brisbane','Brisbane','Australia','NULL',-27.4704528,153.0260341,'None',60,0,409);
INSERT INTO Maps VALUES(80180,'Gold Coast','Gold Coast','Australia','NULL',-28.016667,153.4,'None',60,0,410);
INSERT INTO Maps VALUES(80190,'Noosa Heads','Noosa Heads','Australia','NULL',-26.3960671,153.0894466,'None',60,0,411);
INSERT INTO Maps VALUES(80200,'Port Douglas','Port Douglas','Australia','NULL',-16.4839732,145.4622522,'None',60,0,412);
INSERT INTO Maps VALUES(80210,'Brampton Island','Brampton Island','Australia','NULL',-20.8080283,149.2736268,'None',60,0,413);
INSERT INTO Maps VALUES(80220,'Hamilton Island','Hamilton Island','Australia','NULL',-20.3518817,148.9572514,'None',60,0,414);
INSERT INTO Maps VALUES(80230,'Uluru','Uluru','Australia','NULL',-25.3444277,131.0368822,'None',60,0,415);
INSERT INTO Maps VALUES(80240,'Alice Springs','Alica Springs','Australia','NULL',-23.698042,133.8807471,'None',60,0,416);
INSERT INTO Maps VALUES(80250,'Coober Pedy','Coober Pedy','Australia','NULL',-29.013516,134.7544219,'None',60,0,417);
INSERT INTO Maps VALUES(100000,'Home','Ascot Vale, Victoria, Australia','Australia','NULL',-37.829798749448358,144.98129174071622,'Home',91,0,418);
INSERT INTO Maps VALUES(100010,'Port Moresby','Port Moresby, PNG','Papua New Guinea','NULL',-9.48039,147.187958,'None',92,0,419);
INSERT INTO Maps VALUES(100020,'Tabubil','Western Province, PNG','Papua New Guinea','NULL',-5.26524,141.225128,'None',92,0,420);
INSERT INTO Maps VALUES(100110,'Lihir','Lihir Island, New Ireland, PNG','Papua New Guinea','NULL',-3.121271,152.654099,'None',92,0,421);
INSERT INTO Maps VALUES(100210,'Jakarta','Jakarta, Indonesia','Indonesia','NULL',-6.278875,106.811104,'None',92,0,422);
INSERT INTO Maps VALUES(100220,'Sangata Baru','Sangata Baru, East Kalimantan, Indonesia','Indonesia','NULL',0.53643,117.633713,'None',92,0,423);
INSERT INTO Maps VALUES(100230,'Balikpapan','Balikpapan, East Kalimantan, Indonesia','Indonesia','NULL',-1.26869,116.89415,'None',92,0,424);
INSERT INTO Maps VALUES(100310,'Invercargill','Invercargill, New Zealand','New Zealand','NULL',-46.39204,168.351654,'None',92,0,425);
INSERT INTO Maps VALUES(100410,'Houston','Houston, Texas USA','USA','NULL',29.75156,-95.360542,'None',92,0,426);
INSERT INTO Maps VALUES(100420,'Manor Lake','Brazoria-West Columbia, Texas USA','USA','NULL',29.215181,-95.591377,'None',92,0,427);
INSERT INTO Maps VALUES(100510,'Doha','Doha, Qatar','Qatar','NULL',25.287062,51.562271,'None',92,0,428);
INSERT INTO Maps VALUES(100610,'Singapore','Singapore','Singapore','NULL',1.27573,103.84712,'None',92,0,429);
INSERT INTO Maps VALUES(19010,'Robertson Quay','Clemenceau Avenue Rd. Apartment','Singapore','September 2025',1.2922195880570599,103.84275619692413,'None',21,0,430);
INSERT INTO Maps VALUES(19020,'Singapore Zoo','80 Mandai Lake Rd, Singapore','Singapore','September 2025',1.40412,103.79361,'None',21,0,431);
INSERT INTO Maps VALUES(19030,'Singapore Oceanarium','Sentosa Island','Singapore','September 2025',1.2584,103.8205,'None',21,0,432);
INSERT INTO Maps VALUES(19040,'Gardens by the Bay','Marina Bay','Singapore','September 2025',1.28113,103.86376,'None',21,0,433);
INSERT INTO Maps VALUES(19050,'Ritz-Carlton Hotel - Colony','Marina Bay','Singapore','September 2025',1.29083,103.85981,'None',21,0,434);
INSERT INTO Maps VALUES(19060,'Atlas bar','Parkview Square','Singapore','September 2025',1.29978,103.85761,'None',21,0,435);
INSERT INTO Maps VALUES(5060,'Himeji Castle','Himeji','Japan','2009',34.83912,134.69397,'None',6,0,436);
INSERT INTO Maps VALUES(20010,'Alexander Nevsky Cathedral','Sofia','Bulgaria','May 2026',42.69591,23.33234,'None',22,0,437);
INSERT INTO Maps VALUES(20030,'Alexander the Great Statue','Skopje','North Macedonia','May 2026',41.99572,21.42988,'None',22,0,438);
INSERT INTO Maps VALUES(20035,'Lake Ohrid','Ohrid','North Macedonia','May 2026',41.11194,20.78888,'None',22,0,439);
INSERT INTO Maps VALUES(20040,'Skanderbeg','Tirana','Albania','May 2026',41.32761,19.81857,'None',22,0,440);
INSERT INTO Maps VALUES(20046,'Shkoder','Shkoder','Albania','May 2026',42.06825,19.51215,'None',22,0,441);
INSERT INTO Maps VALUES(20050,'Podgorica','Podgorica','Montenegro','May 2026',42.43662,19.25232,'None',22,0,442);
INSERT INTO Maps VALUES(20055,'Lake Skadar','Virpazar','Montenegro','May 2026',42.24643,19.09108,'None',22,0,443);
INSERT INTO Maps VALUES(20058,'Budva','Budva','Montenegro','May 2026',42.28482,18.84284,'None',22,0,444);
INSERT INTO Maps VALUES(20059,'Kotor','Kotor','Montenegro','May 2026',42.42419,18.7696,'None',22,0,445);
INSERT INTO Maps VALUES(20060,'Dubrovnik','Dubrovnik','Croatia','May 2026',42.64112,18.11109,'None',22,0,446);
INSERT INTO Maps VALUES(20070,'Neum','Neum','Bosnia and Herzegovina','May 2026',42.92502,17.61231,'None',22,0,447);
INSERT INTO Maps VALUES(20075,'Stari Most (Old Bridge)','Mostar','Bosnia and Herzegovina','May 2026',43.33824,17.81372,'None',22,0,448);
INSERT INTO Maps VALUES(20080,'Split','Split','Croatia','May 2026',43.50113,16.4519,'None',22,0,449);
INSERT INTO Maps VALUES(20085,'Zadar','Zadar','Croatia','May 2026',44.10569,15.23928,'None',22,0,450);
INSERT INTO Maps VALUES(20090,'Plitvice Lakes','Plitvice','Croatia','May 2026',44.88138,15.61385,'None',22,0,451);
INSERT INTO Maps VALUES(20095,'Small Lakes of Plitvice','Rastoke','Croatia','May 2026',45.12091,15.58591,'None',22,0,452);
INSERT INTO Maps VALUES(20100,'Ljubljana','Ljubljana','Slovenia','May 2026',46.05604,14.50248,'None',22,0,453);
INSERT INTO Maps VALUES(20110,'Postojna Cave','Postojna jama','Slovenia','May 2026',45.7829,14.20356,'None',22,0,454);
INSERT INTO Maps VALUES(20115,'Lake Bled','Lake Bled','Slovenia','May 2026',46.36852,14.10871,'None',22,0,455);
INSERT INTO Maps VALUES(20120,'Zagreb','Zagreb','Croatia','May 2026',45.81137,15.97856,'None',22,0,456);
INSERT INTO Maps VALUES(20130,'Budapest','Budapest','Hungary','May 2026',47.49942,19.04733,'None',22,0,457);
CREATE TABLE IF NOT EXISTS "Events" (
    Event TEXT NOT NULL,
    Performer TEXT,
    EventDate TEXT NOT NULL,
    EventTime TEXT,
    Location TEXT,
    Comments TEXT,
    Status TEXT CHECK (Status IN ('Confirmed', 'Performance Cancelled')),
    auto_id INTEGER PRIMARY KEY AUTOINCREMENT
);
INSERT INTO Events VALUES('Swan Lake','The Australian Ballet Company','2002-09-26','6:30 PM','State Theatre','','Confirmed',1);
INSERT INTO Events VALUES('Jackson Browne','Jackson Browne','2003-02-21','8:00 PM','Palais Theatre','','Confirmed',2);
INSERT INTO Events VALUES('La Boheme','La Boheme','2003-04-22','8:00 PM','Broadway Theatre, New York','','Confirmed',3);
INSERT INTO Events VALUES('We Will Rock You','We Will Rock You','2003-08-12','8:00 PM','Regent Theatre','','Confirmed',4);
INSERT INTO Events VALUES('We Will Rock You','We Will Rock You','2003-09-23','8:00 PM','Regent Theatre','Went to see a second performance','Confirmed',5);
INSERT INTO Events VALUES('The Lion King','The Lion King','2003-10-11','2:00 PM','Capitol Theatre, Sydney','','Confirmed',6);
INSERT INTO Events VALUES('Jack Johnson','Jack Johnson','2003-11-10','7:30 PM','Palais Theatre','','Confirmed',7);
INSERT INTO Events VALUES('Classical Prodigies','Australian Chamber Orchestra','2003-11-17','8:00 PM','Melbourne Concert Hall','','Confirmed',8);
INSERT INTO Events VALUES('We Will Rock You','We Will Rock You','2004-01-28','8:00 PM','Regent Theatre','','Confirmed',9);
INSERT INTO Events VALUES('A Reality Tour','David Bowie','2004-02-27','7:30 PM','Rod Laver Arena','','Confirmed',10);
INSERT INTO Events VALUES('Looking through a Glass Onion','John Waters','2004-07-16','8:30 PM','Crown Showroom','','Confirmed',11);
INSERT INTO Events VALUES('Cher','Cher','2005-02-27','7:30 PM','Rod Laver Arena','','Confirmed',12);
INSERT INTO Events VALUES('Quidam','Cirque du Soleil','2005-03-09','8:00 PM','The Oval','','Confirmed',13);
INSERT INTO Events VALUES('Jack Johnson','Jack Johnson','2005-03-20','5:00 PM','Sidney Myer Music Bowl','','Confirmed',14);
INSERT INTO Events VALUES('My Fair Lady','My Fair Lady','2005-08-04','8:00 PM','Comedy Theatre','','Confirmed',15);
INSERT INTO Events VALUES('Romeo and Juliet','Russian National Ballet','2005-08-14','6:00 PM','Her Majesty''s Theatre','','Confirmed',16);
INSERT INTO Events VALUES('The Lion King','The Lion King','2005-09-01','8:00 PM','Regent Theatre','','Confirmed',17);
INSERT INTO Events VALUES('A Bigger Bang','The Rolling Stones','2006-04-13','7:30 PM','Rod Laver Arena','','Confirmed',18);
INSERT INTO Events VALUES('Let It Be','Beatles Tribute','2006-05-23','8:00 PM','Hamer Hall','','Confirmed',19);
INSERT INTO Events VALUES('Giselle','The Australian Ballet Company','2006-06-16','6:30 PM','State Theatre','','Confirmed',20);
INSERT INTO Events VALUES('Revolutions','The Australian Ballet Company','2006-06-29','7:30 PM','State Theatre','','Confirmed',21);
INSERT INTO Events VALUES('Twisted Logic Tour','Coldplay','2006-07-03','7:45 PM','Rod Laver Arena','','Confirmed',22);
INSERT INTO Events VALUES('Dirty Dancing','Dirty Dancing','2006-07-10','6:30 PM','Princess Theatre','','Confirmed',23);
INSERT INTO Events VALUES('The Woman in Black','The Woman in Black','2006-08-03','8:00 PM','Comedy Theatre','','Confirmed',24);
INSERT INTO Events VALUES('The Boy from Oz','The Boy from Oz','2006-08-13','6:30 PM','Rod Laver Arena','','Confirmed',25);
INSERT INTO Events VALUES('Trinity','Royal New Zealand Ballet','2006-09-04','6:30 PM','State Theatre','','Confirmed',26);
INSERT INTO Events VALUES('Ben Folds and the MSO','Ben Folds','2006-09-23','8:00 PM','Hamer Hall','','Confirmed',27);
INSERT INTO Events VALUES('Beauty and the Beast','Whitehorse Musical Theatre','2006-10-14','7:30 PM','The Besen Centre','','Confirmed',28);
INSERT INTO Events VALUES('Vertigo','U2','2006-11-19','7:30 PM','Telstra Dome','','Confirmed',29);
INSERT INTO Events VALUES('Swan Lake','Australian Ballet School','2006-12-08','8:30 PM','Sidney Myer Music Bowl','','Confirmed',30);
INSERT INTO Events VALUES('Eric Clapton','Eric Clapton','2007-02-04','7:30 PM','Rod Laver Arena','','Confirmed',31);
INSERT INTO Events VALUES('Virgins','Virgins','2007-03-16','8:00 PM','Williamstown Mechanics Institute','','Confirmed',32);
INSERT INTO Events VALUES('Don Quixote','The Australian Ballet Company','2007-03-19','6:30 PM','State Theatre','','Confirmed',33);
INSERT INTO Events VALUES('Miss Saigon','Miss Saigon','2007-04-04','8:00 PM','Her Majesty''s Theatre','','Confirmed',34);
INSERT INTO Events VALUES('Pink','Pink','2007-04-27','7:45 PM','Rod Laver Arena','','Confirmed',35);
INSERT INTO Events VALUES('Varekai','Cirque du Soleil','2007-04-29','5:00 PM','The Oval, Melbourne Park','','Confirmed',36);
INSERT INTO Events VALUES('Buddy','Buddy Holly Story','2007-05-19','8:00 PM','ANU Arts Centre, Canberra','','Confirmed',37);
INSERT INTO Events VALUES('Miss Saigon','Miss Saigon','2007-05-31','8:00 PM','Her Majesty''s Theatre','','Confirmed',38);
INSERT INTO Events VALUES('A Chorus Line','Whitehorse Musical Theatre','2007-06-01','8:00 PM','The Besen Centre, Burwood','','Confirmed',39);
INSERT INTO Events VALUES('Jewels','The Paris Opera Ballet','2007-06-30','7:30 PM','Capitol Theatre, Sydney','','Confirmed',40);
INSERT INTO Events VALUES('Sleeping Beauty','Sleeping Beauty (Renee Geyer)','2007-07-19','8:00 PM','Malthouse Theatre','','Confirmed',41);
INSERT INTO Events VALUES('Phantom of the Opera','Phantom of the Opera','2007-08-03','8:00 PM','Princess Theatre','','Confirmed',42);
INSERT INTO Events VALUES('Bob Dylan','Bob Dylan','2007-08-17','7:30 PM','Rod Laver Arena','','Confirmed',43);
INSERT INTO Events VALUES('The Nutcracker','The Australian Ballet Company','2007-09-29','7:30 PM','State Theatre','','Confirmed',44);
INSERT INTO Events VALUES('Indigo Girls','Indigo Girls','2007-10-26','8:00 PM','Hamer Hall, Arts Centre','','Confirmed',45);
INSERT INTO Events VALUES('Bryan Ferry and others','Bryan Ferry, Joan Armatrading','2007-11-21','7:30 PM','Palais Theatre','Also Daryl Braithwaite','Confirmed',46);
INSERT INTO Events VALUES('Les Miserables','Les Miserables','2007-11-29','7:30 PM','Queens Theatre, London','','Confirmed',47);
INSERT INTO Events VALUES('Moulin Rouge','Bal du Moulin Rouge','2007-12-27','11:00 PM','Bal du Moulin Rouge, Montmartre Paris','','Confirmed',48);
INSERT INTO Events VALUES('We Will Rock You','We Will Rock You','2008-02-26','7:30 PM','Dominion Theatre, London','','Confirmed',49);
INSERT INTO Events VALUES('Chicago','Chicago','2008-02-27','8:00 PM','Cambridge Theatre, London','','Confirmed',50);
INSERT INTO Events VALUES('Aida','Devanesen Productions','2008-04-25','8:00 PM','Gasworks Theatre, Sth Melb','','Confirmed',51);
INSERT INTO Events VALUES('The Roy Orbison Story','The Roy Orbison Story','2008-07-06','8:00 PM','The Palms at Crown','2 tickets','Confirmed',52);
INSERT INTO Events VALUES('Madame Butterfly','Oz Opera','2008-07-18','8:00 PM','Clocktower Centre, Moonee Ponds','4 tickets incl Jac','Confirmed',53);
INSERT INTO Events VALUES('CATS','Altona Theatre Group','2008-07-20','2:00 PM','Altona Theatre','With guests','Confirmed',54);
INSERT INTO Events VALUES('Aida','Whitehorse Musical Theatre','2008-10-12','2:00 PM','The Besen Centre, Burwood','10 tickets','Confirmed',55);
INSERT INTO Events VALUES('Wicked','Wicked','2008-10-19','6:30 PM','Regent Theatre','7 tickets','Confirmed',56);
INSERT INTO Events VALUES('Les Miserables','Les Miserables','2009-03-06','7:30 PM','Her Majesty''s Theatre, Ballarat','2 tickets','Confirmed',57);
INSERT INTO Events VALUES('Jackson Browne','Jackson Browne','2009-03-08','7:00 PM','Palais Theatre','5 tickets in stalls third row','Confirmed',58);
INSERT INTO Events VALUES('Firebird and Other Legends','The Australian Ballet Company','2009-03-23','6:30 PM','State Theatre','3 tickets in balcony second row','Confirmed',59);
INSERT INTO Events VALUES('Dralion','Cirque du Soleil','2009-04-26','5:00 PM','Docklands','5 tickets','Confirmed',60);
INSERT INTO Events VALUES('Miss Saigon','Miss Saigon','2009-05-12','8:00 PM','Alexander Theatre, Monash Uni','4 x adults & 3 x concession','Confirmed',61);
INSERT INTO Events VALUES('Les Miserables','Windmill Theatre Company','2009-06-14','2:00 PM','The Drum Theatre, Dandenong','4 tickets','Confirmed',62);
INSERT INTO Events VALUES('Paris Match','The Australian Ballet Company','2009-06-27','7:30 PM','State Theatre','4 tickets','Confirmed',63);
INSERT INTO Events VALUES('Chess','Chess','2009-07-25','8:00 PM','Queanbeyan Performing Arts Centre','3 x tickets','Confirmed',64);
INSERT INTO Events VALUES('Cats','Cats','2010-03-18','8:00 PM','Regent Theatre','4 tickets in front row dress circle','Confirmed',65);
INSERT INTO Events VALUES('The Silver Rose','The Australian Ballet Company','2010-03-29','6:30 PM','State Theatre','3 tickets','Confirmed',66);
INSERT INTO Events VALUES('Fame','Fame','2010-04-30','8:00 PM','Regent Theatre','5 tickets in stalls','Confirmed',67);
INSERT INTO Events VALUES('Spamalot','Spamalot','2010-05-15','8:00 PM','ANU Arts Centre, Canberra','Kath to get tickets','Confirmed',68);
INSERT INTO Events VALUES('Anything Goes','Whitehorse Musical Theatre','2010-05-23','2:00 PM','The Besen Centre, Burwood','Just 2 tickets this time','Confirmed',69);
INSERT INTO Events VALUES('Miss Saigon','Windmill Theatre Company','2010-06-20','2:00 PM','The Drum Theatre, Dandenong','10 tickets','Confirmed',70);
INSERT INTO Events VALUES('The Blues Train','Queenscliff - Drysdale Railway','2010-08-14','6:30 PM','Queenscliff','8 tickets','Confirmed',71);
INSERT INTO Events VALUES('Mary Poppins','Mary Poppins','2010-09-09','8:00 PM','Her Majesty''s Theatre','5 front row seats','Confirmed',72);
INSERT INTO Events VALUES('West Side Story','West Side Story','2010-09-14','8:00 PM','Regent Theatre','5 tickets in dress circle','Confirmed',73);
INSERT INTO Events VALUES('Twelfth Night','Bell Shakespeare','2010-09-16','7:30 PM','Fairfax Studio (Arts Centre)','2 tickets','Confirmed',74);
INSERT INTO Events VALUES('The Man in Black (The Johnny Cash Story)','Tex Perkins','2010-09-18','8:00 PM','Palais Theatre','5 tickets','Confirmed',75);
INSERT INTO Events VALUES('Rent','Whitehorse Musical Theatre','2010-10-10','2:00 PM','The Besen Centre, Burwood','8 tickets','Confirmed',76);
INSERT INTO Events VALUES('Brothers in Arms - Dire Straits','Classic Albums Live','2010-11-04','8:00 PM','State Theatre','7 tickets','Confirmed',77);
INSERT INTO Events VALUES('The Eagles','The Eagles','2010-12-21','8:00 PM','Rod Laver Arena','2 tickets only','Confirmed',78);
INSERT INTO Events VALUES('Joe Cocker','Joe Cocker','2011-02-08','7:00 PM','Palais Theatre','4 tickets','Confirmed',79);
INSERT INTO Events VALUES('Mary Poppins','Mary Poppins','2011-02-20','6:30 PM','Her Majesty''s Theatre','6 seats','Confirmed',80);
INSERT INTO Events VALUES('Madame Butterfly','The Australian Ballet Company','2011-03-07','6:30 PM','State Theatre','5 tickets','Confirmed',81);
INSERT INTO Events VALUES('Rock of Ages','Rock of Ages','2011-05-06','8:00 PM','Comedy Theatre','5 tickets front row dress circle','Confirmed',82);
INSERT INTO Events VALUES('Bat Out Of Hell','Classic Albums Live','2011-05-14','7:30 PM','Palais Theatre','4 tickets','Confirmed',83);
INSERT INTO Events VALUES('Saltimbanco','Cirque du Soleil','2011-05-29','5:00 PM','Rod Laver Arena','5 tickets','Confirmed',84);
INSERT INTO Events VALUES('Much Ado About Nothing','Bell Shakespeare','2011-06-14','6:30 PM','Playhouse (Arts Centre)','5 tickets','Confirmed',85);
INSERT INTO Events VALUES('Rumours - Fleetwood Mac','Classic Albums Live','2011-07-07','8:00 PM','State Theatre','8 tickets','Confirmed',86);
INSERT INTO Events VALUES('Love Never Dies','Love Never Dies','2011-07-08','8:00 PM','Regent Theatre','5 tickets','Confirmed',87);
INSERT INTO Events VALUES('Mozart Flute Concerto','Melbourne Symphony Orchestra','2011-07-14','8:00 PM','Melbourne Town Hall','3 tickets','Confirmed',88);
INSERT INTO Events VALUES('Nederlands Dans Theater I','Nederlands Dans Theater I','2011-07-15','7:30 PM','State Theatre','5 tickets near front and centre','Confirmed',89);
INSERT INTO Events VALUES('Beatles Back2Back','Tim Woods and Spiritworks','2011-08-11','8:00 PM','State Theatre','7 tickets','Confirmed',90);
INSERT INTO Events VALUES('British Liaisons','The Australian Ballet Company','2011-08-29','6:30 PM','State Theatre','5 tickets','Confirmed',91);
INSERT INTO Events VALUES('Romeo & Juliet','The Australian Ballet Company','2011-09-21','7:30 PM','State Theatre','5 tickets in fourth row of circle','Confirmed',92);
INSERT INTO Events VALUES('James Morrison Quintet','James Morrison Quintet','2012-01-22','5:30 PM','Zoo Twilights 2012','6 general admission','Confirmed',93);
INSERT INTO Events VALUES('Roger Waters: The Wall Live','Roger Waters: The Wall Live','2012-02-08','8:00 PM','Rod Laver Arena','3 tickets only','Confirmed',94);
INSERT INTO Events VALUES('Yes, Prime Minister','Yes, Prime Minister','2012-02-10','7:30 PM','Comedy Theatre','5 tickets in stalls','Confirmed',95);
INSERT INTO Events VALUES('The Peony Pavilion','National Ballet of China','2012-03-15','7:30 PM','State Theatre','3 tickets in front row','Confirmed',96);
INSERT INTO Events VALUES('Moonshadow','Moonshadow','2012-05-24','8:00 PM','Princess Theatre','6 tickets','Confirmed',97);
INSERT INTO Events VALUES('Miss Saigon','Nova Music Theatre','2012-05-25','8:00 PM','Whitehorse Centre','4 tickets','Confirmed',98);
INSERT INTO Events VALUES('Annie','Annie','2012-06-15','8:00 PM','Regent Theatre','5 tickets in front row AAA','Confirmed',99);
INSERT INTO Events VALUES('Grease','Grease','2012-06-16','2:00 PM','The Drum Theatre, Dandenong','8 tickets','Confirmed',100);
INSERT INTO Events VALUES('Tina Arena & Orchestra','Tina Arena & Orchestra','2012-07-29','6:00 PM','Hamer Hall','3 tickets','Confirmed',101);
INSERT INTO Events VALUES('The Mousetrap','The Mousetrap','2012-09-04','8:00 PM','Comedy Theatre','3 tickets in stalls front row','Confirmed',102);
INSERT INTO Events VALUES('The School for Wives','Bell Shakespeare','2012-09-16','5:00 PM','Fairfax Studio (Arts Centre)','3 tickets','Confirmed',103);
INSERT INTO Events VALUES('Monteverdi''s L''Orfero','Australian Brandenburg Orchestra','2012-09-23','5:00 PM','Hamer Hall','3 tickets in Circle row A','Confirmed',104);
INSERT INTO Events VALUES('Elaine Paige in Concert','Elaine Paige','2012-10-24','7:30 PM','Palais Theatre','3 lounge tix (Mum, Pauline & Garry)','Confirmed',105);
INSERT INTO Events VALUES('South Pacific','Rodgers & Hammerstein','2012-11-08','7:30 PM','Princess Theatre','2 tickets','Confirmed',106);
INSERT INTO Events VALUES('Carnival of the Animals','Melbourne Recital Centre','2013-01-19','11:00 AM','Elisabeth Murdoch Hall','4 tix (Judy, Stella, Francesca & Garry)','Confirmed',107);
INSERT INTO Events VALUES('War Horse','National Theatre of Great Britain','2013-02-08','7:30 PM','State Theatre','3 tickets','Confirmed',108);
INSERT INTO Events VALUES('Tina Arena & Orchestra','Tina Arena & Orchestra','2013-02-12','8:00 PM','Hamer Hall','3 tickets (incl Mum)','Confirmed',109);
INSERT INTO Events VALUES('Chitty Chitty Bang Bang','Chitty Chitty Bang Bang','2013-02-15','8:00 PM','Her Majesty''s Theatre','4 tickets (incl Mum)','Confirmed',110);
INSERT INTO Events VALUES('Glenn Frey & the Melb Pops Orchestra','Glenn Frey & the Melb Pops Orchestra','2013-02-22','7:30 PM','Palais Theatre','3 tickets in lounge','Confirmed',111);
INSERT INTO Events VALUES('Ovo','Cirque du Soleil','2013-02-24','5:00 PM','The Docklands','3 tickets','Confirmed',112);
INSERT INTO Events VALUES('Neil Young & Crazy Horse','Neil Young & Crazy Horse','2013-03-16','3:30 PM','Hill Winery, Waurn Ponds','4 tickets','Confirmed',113);
INSERT INTO Events VALUES('Henry IV','Bell Shakespeare','2013-03-17','5:00 PM','Arts Centre','3 tickets','Confirmed',114);
INSERT INTO Events VALUES('Don Quixote','The Australian Ballet Company','2013-03-21','7:30 PM','State Theatre','3 tickets','Confirmed',115);
INSERT INTO Events VALUES('Bruce Springsteen & the E Street Band','Bruce Springsteen & the E Street Band','2013-03-26','7:00 PM','Rod Laver Arena','2 tickets via Simon','Confirmed',116);
INSERT INTO Events VALUES('A Clockwork Orange','A Clockwork Orange','2013-04-11','8:00 PM','Malthouse Theatre (Merlyn)','3 tickets in stalls','Confirmed',117);
INSERT INTO Events VALUES('The Bobby Darin Story','The Bobby Darin Story','2013-04-16','11:00 AM','Clocktower Centre, Moonee Ponds','3 lounge tix (Judy, Mum & Margaret)','Confirmed',118);
INSERT INTO Events VALUES('Eric Clapton','Eric Clapton','2013-05-20','7:30 PM','The Royal Albert Hall, London','Just the two of us','Confirmed',119);
INSERT INTO Events VALUES('Singin'' In The Rain','Singin'' In The Rain','2013-05-21','7:30 PM','Palace Theatre, London','Just the two of us','Confirmed',120);
INSERT INTO Events VALUES('Jesus Christ Superstar','Jesus Christ Superstar','2013-06-14','8:00 PM','Rod Laver Arena','3 tickets','Confirmed',121);
INSERT INTO Events VALUES('King Kong','King Kong','2013-06-21','8:00 PM','Regent Theatre','3 tickets in front row AAA','Confirmed',122);
INSERT INTO Events VALUES('Swan Lake','The Australian Ballet Company','2013-06-27','7:30 PM','State Theatre','3 tickets','Confirmed',123);
INSERT INTO Events VALUES('Legally Blonde','Legally Blonde','2013-07-04','7:30 PM','Princess Theatre','3 tickets front row dress circle','Confirmed',124);
INSERT INTO Events VALUES('The Man In Black','Tex Perkins','2013-07-17','8:00 PM','Athenaeum Theatre','6 tickets in second row of stalls','Confirmed',125);
INSERT INTO Events VALUES('Einstein on the Beach','Einstein on the Beach','2013-08-01','6:30 PM','State Theatre','3 tickets in front of stalls','Confirmed',126);
INSERT INTO Events VALUES('Ronnie Burkett Theatre of Marionettes in Penny Plain','Ronnie Burkett','2013-08-09','8:00 PM','Arts Centre (Fairfax Studio)','3 seats','Confirmed',127);
INSERT INTO Events VALUES('Let It Be - The Beatles Songs of Lennon & McCartney','Let It Be','2013-08-24','8:00 PM','Hamer Hall','6 tickets in dress circle (4th row)','Confirmed',128);
INSERT INTO Events VALUES('The Comedy Of Errors','Bell Shakespeare','2013-08-25','5:00 PM','Arts Centre','3 tickets','Confirmed',129);
INSERT INTO Events VALUES('La Sylphide','The Australian Ballet Company','2013-09-04','7:30 PM','State Theatre','3 tickets','Confirmed',130);
INSERT INTO Events VALUES('Cinderella','The Australian Ballet Company','2013-09-24','7:30 PM','State Theatre','3 tickets','Confirmed',131);
INSERT INTO Events VALUES('The Graduate','The Graduate','2013-10-03','8:00 PM','Her Majesty''s Theatre','3 tickets in Dress Circle','Confirmed',132);
INSERT INTO Events VALUES('Fleetwood Mac','Fleetwood Mac','2013-11-27','8:00 PM','Rod Laver Arena','Performance Cancelled (6 tickets)','Performance Cancelled',133);
INSERT INTO Events VALUES('Here Comes the Night','Songs from the Van Morrison Songbook','2013-11-29','7:30 PM','Palais Theatre','10 tickets in lounge','Confirmed',134);
INSERT INTO Events VALUES('Bruce Springsteen & the E Street Band','Bruce Springsteen & the E Street Band','2014-02-16','5:00 PM','AAMI Stadium','Simon has 10 tickets (we have 2)','Confirmed',135);
INSERT INTO Events VALUES('Manon','The Australian Ballet Company','2014-03-19','7:30 PM','State Theatre','3 tickets in dress circle','Confirmed',136);
INSERT INTO Events VALUES('La Bayadere','Mariinsky','2014-06-05','8:00 PM','St Petersburg, Russia','6 tickets in private box','Confirmed',137);
INSERT INTO Events VALUES('Beatles White Album','Chris Cheney, Phil Jamieson, Tim Rogers & Josh Pyke','2014-07-15','8:00 PM','Hamer Hall','13 tickets in 4th row dress circle','Confirmed',138);
INSERT INTO Events VALUES('Les Miserables','Les Miserables','2014-07-18','7:30 PM','Her Majesty''s Theatre','4 tickets in front row (dress circle)','Confirmed',139);
INSERT INTO Events VALUES('Hot August Night','Hot August Night','2014-08-09','8:00 PM','The Drum Theatre, Dandenong','4 tickets','Confirmed',140);
INSERT INTO Events VALUES('Tex Perkins and Charlie Owen','Tex Perkins and Charlie Owen','2014-08-15','6:30 PM','13th Beach Golf Links','4 tickets, stay Swan Bay','Confirmed',141);
INSERT INTO Events VALUES('La Bayadere','The Australian Ballet Company','2014-09-03','7:30 PM','State Theatre','3 tickets in dress circle','Confirmed',142);
INSERT INTO Events VALUES('Here Comes the Night','Songs from the Van Morrison Songbook','2014-09-05','8:00 PM','Hamer Hall','5 tickets in dress circle','Confirmed',143);
INSERT INTO Events VALUES('The Last Confession','The Last Confession','2014-09-10','8:00 PM','Comedy Theatre','3 tickets in dress circle','Confirmed',144);
INSERT INTO Events VALUES('Peter Wright''s The Nutcracker','The Australian Ballet Company','2014-09-16','7:30 PM','State Theatre','3 tickets in dress circle','Confirmed',145);
INSERT INTO Events VALUES('Aida','University of Melbourne Music Theatre Association','2014-09-25','7:30 PM','Union House Theatre','5 tickets (no reserved seats)','Confirmed',146);
INSERT INTO Events VALUES('The Dream','Bell Shakespeare','2014-09-28','4:00 PM','Arts Centre (Playhouse)','3 tickets','Confirmed',147);
INSERT INTO Events VALUES('The 39 Steps','The 39 Steps','2014-10-03','7:30 PM','Athenaeum Theatre','3 tickets in stalls','Confirmed',148);
INSERT INTO Events VALUES('The Dire Straits Experience!','The Dire Straits Experience!','2014-10-05','6:30 PM','Palais Theatre','8 tickets in lounge front row','Confirmed',149);
INSERT INTO Events VALUES('Once','Once','2014-10-17','8:00 PM','Princess Theatre','4 tickets in front row dress circle','Confirmed',150);
INSERT INTO Events VALUES('Les Miserables','Les Miserables','2014-10-28','7:30 PM','Her Majesty''s Theatre','2 tickets in dress circle row B','Confirmed',151);
INSERT INTO Events VALUES('Once','Once','2014-12-02','6:30 PM','Princess Theatre','4 tickets in 2nd row dress circle','Confirmed',152);
INSERT INTO Events VALUES('Bernard Fanning','Bernard Fanning','2015-01-31','5:30 PM','Zoo Twilights 2015','8 x GA (Pauline, Nev, etc)','Confirmed',153);
INSERT INTO Events VALUES('A Day on the Green','Paul Simon & Sting','2015-02-07','5:00 PM','Mt. Duneed Estate, Geelong','4 tickets in standing GA','Confirmed',154);
INSERT INTO Events VALUES('Sarah McLachlan','Sarah McLachlan','2015-02-09','7:30 PM','Melbourne Recital Centre','4 tickets in front row dress','Confirmed',155);
INSERT INTO Events VALUES('History of The Eagles','The Eagles','2015-02-28','6:30 PM','Hanging Rock (time TBA)','2 tickets in standing GA','Confirmed',156);
INSERT INTO Events VALUES('The Lion King','Disney''s The Lion King','2015-03-13','8:00 PM','Regent Theatre','4 tickets','Confirmed',157);
INSERT INTO Events VALUES('Giselle','The Australian Ballet Company','2015-03-19','7:30 PM','State Theatre','5 tickets in centre of dress circle','Confirmed',158);
INSERT INTO Events VALUES('As You Like It','Bell Shakespeare','2015-04-26','4:00 PM','Arts Centre (Fairfax)','5 tickets','Confirmed',159);
INSERT INTO Events VALUES('The Dream','The Australian Ballet Company','2015-06-11','7:30 PM','State Theatre','5 tickets in centre of dress circle','Confirmed',160);
INSERT INTO Events VALUES('Cinderella','The Australian Ballet Company','2015-06-25','7:30 PM','State Theatre','5 tickets in centre of dress circle','Confirmed',161);
INSERT INTO Events VALUES('The Rocky Horror Show','The Rocky Horror Show','2015-07-02','8:00 PM','Comedy Theatre','4 tickets in front stalls','Confirmed',162);
INSERT INTO Events VALUES('Hamlet','Bell Shakespeare','2015-07-18','2:00 PM','Arts Centre (Fairfax)','4 tickets','Confirmed',163);
INSERT INTO Events VALUES('20:21','The Australian Ballet Company','2015-09-03','7:30 PM','State Theatre','5 tickets in centre of dress circle','Confirmed',164);
INSERT INTO Events VALUES('The Sleeping Beauty','The Australian Ballet Company','2015-09-23','7:30 PM','State Theatre','5 tickets in centre of dress circle','Confirmed',165);
INSERT INTO Events VALUES('Audra McDonald','An Evening with Audra McDonald','2015-10-31','8:00 PM','Hamer Hall','5 tickets in front stalls','Confirmed',166);
INSERT INTO Events VALUES('Florence + The Machine','Florence + The Machine','2015-11-11','8:00 PM','Sidney Myer Music Bowl','4 tickets in Row O','Confirmed',167);
INSERT INTO Events VALUES('North By Northwest','North By Northwest','2016-02-03','8:00 PM','State Theatre','4 tickets centre dress circle','Confirmed',168);
INSERT INTO Events VALUES('John Butler Trio','John Butler Trio','2016-02-06','5:30 PM','Zoo Twilights 2016','5 tickets incl Nev & Heather','Confirmed',169);
INSERT INTO Events VALUES('Colin Hay','Colin Hay','2016-03-04','5:30 PM','Zoo Twilights 2016','5 tickets','Confirmed',170);
INSERT INTO Events VALUES('Picnic at Hanging Rock','Picnic at Hanging Rock','2016-03-09','7:30 PM','Malthouse Theatre (Merlyn)','3 tickets in front row stalls','Confirmed',171);
INSERT INTO Events VALUES('Vitesse','The Australian Ballet Company','2016-03-17','7:30 PM','State Theatre','5 tickets centre dress circle','Confirmed',172);
INSERT INTO Events VALUES('Matilda the Musical','Matilda the Musical','2016-03-23','7:30 PM','Princess Theatre','3 tickets in 4th row dress circle','Confirmed',173);
INSERT INTO Events VALUES('Romeo & Juliet','Bell Shakespeare','2016-04-17','4:00 PM','Arts Centre (Fairfax)','5 tickets','Confirmed',174);
INSERT INTO Events VALUES('Swan Lake','The Australian Ballet Company','2016-06-09','7:30 PM','State Theatre','Will be overseas','Confirmed',175);
INSERT INTO Events VALUES('Romeo & Juliet','Houston Ballet','2016-07-07','7:30 PM','State Theatre','5 tickets centre dress circle','Confirmed',176);
INSERT INTO Events VALUES('Othello','Bell Shakespeare','2016-07-17','4:00 PM','Arts Centre (Fairfax)','5 tickets','Confirmed',177);
INSERT INTO Events VALUES('Nijinsky','The Australian Ballet Company','2016-09-08','7:30 PM','State Theatre','5 tickets centre dress circle','Confirmed',178);
INSERT INTO Events VALUES('Coppelia','The Australian Ballet Company','2016-09-27','7:30 PM','Palais Theatre','5 tickets at Palais Theatre','Confirmed',179);
INSERT INTO Events VALUES('Kinky Boots The Musical','Kinky Boots The Musical','2016-11-17','7:30 PM','Her Majesty''s Theatre','5 tickets in dress circle','Confirmed',180);
INSERT INTO Events VALUES('Jo Jo Zep & The Falcons','Jo Jo Zep & The Falcons','2017-01-27','5:30 PM','Zoo Twilights 2017','7 x adults & 1 x child (4-15)','Confirmed',181);
INSERT INTO Events VALUES('The Book of Mormon','The Book of Mormon','2017-02-21','7:00 PM','Princess Theatre','9 tickets, 4th & 5th rows dress circle','Confirmed',182);
INSERT INTO Events VALUES('Martha Wainwright','Martha Wainwright','2017-03-10','5:30 PM','Zoo Twilights 2017','3 x adults','Confirmed',183);
INSERT INTO Events VALUES('Faster','The Australian Ballet Company','2017-03-23','7:30 PM','State Theatre','5 tickets (including Margaret Ryan)','Confirmed',184);
INSERT INTO Events VALUES('Richard 3','Bell Shakespeare','2017-04-23','4:00 PM','Arts Centre (Fairfax)','6 tickets','Confirmed',185);
INSERT INTO Events VALUES('The Nutcracker - The Story of Clara','The Australian Ballet Company','2017-06-08','7:30 PM','State Theatre','5 tickets (including Margaret Ryan)','Confirmed',186);
INSERT INTO Events VALUES('The Sleeping Beauty','The Australian Ballet Company','2017-06-22','7:30 PM','State Theatre','5 tickets (including Margaret Ryan)','Confirmed',187);
INSERT INTO Events VALUES('The Merchant Of Venice','Bell Shakespeare','2017-07-23','4:00 PM','Arts Centre (Fairfax)','6 tickets','Confirmed',188);
INSERT INTO Events VALUES('Aladdin the Musical','Disney Entertainment','2017-07-29','2:00 PM','Her Majestys Theatre','6 tickets incl Bea','Confirmed',189);
INSERT INTO Events VALUES('Symphony in C','The Australian Ballet Company','2017-08-31','7:30 PM','State Theatre','5 tickets (including Margaret Ryan)','Confirmed',190);
INSERT INTO Events VALUES('Alice''s Adventures in Wonderland','The Australian Ballet Company','2017-09-14','7:30 PM','State Theatre','5 tickets (including Margaret Ryan)','Confirmed',191);
INSERT INTO Events VALUES('The Bodyguard','The Bodyguard','2017-09-20','7:30 PM','Regent Theatre','3 tickets (front row)','Confirmed',192);
INSERT INTO Events VALUES('The Bob Dylan Songbook','Ceberano, Camilleri, Grabowsky, etc','2017-11-02','7:30 PM','Melbourne Recital Centre','Nev, Bruno, Kate, Judy, Garry & Pauline','Confirmed',193);
INSERT INTO Events VALUES('Stevie Nicks $ The Pretenders','Stevie Nicks $ The Pretenders','2017-11-16','7:00 PM','Rod Laver Arena','Garry and Judy','Confirmed',194);
INSERT INTO Events VALUES('The Father','Melbourne Theatre Company','2017-12-13','8:00 PM','Arts Centre (Fairfax)','5 tickets front row','Confirmed',195);
INSERT INTO Events VALUES('Aladdin','Disney','2017-12-23','2:00 PM','Her Majasty''s Theatre','Garry & Beatrix (front row dress circle)','Confirmed',196);
INSERT INTO Events VALUES('The Curious Incident of the Dog in the Night-Time','Melbourne Theatre Company','2018-01-24','6:30 PM','Arts Centre','Garry, Judy, Kate & Melinda','Confirmed',197);
INSERT INTO Events VALUES('Colin Hay','Colin Hay','2018-02-11','5:00 PM','Melbourne Recital Centre','4 tickets in Circle front row','Confirmed',198);
INSERT INTO Events VALUES('Murphy','The Australian Ballet Company','2018-03-22','7:30 PM','State Theatre','Garry, Judy, Kate, Fran & Heather','Confirmed',199);
INSERT INTO Events VALUES('Jackson Browne','Jackson Browne','2018-03-29','8:00 PM','Palais Theatre','6 tickets in lounge 3rd row','Confirmed',200);
INSERT INTO Events VALUES('Antony and Cleopatra','Bell Shakespeare','2018-05-06','4:00 PM','Arts Centre (Fairfax)','3 tickets','Confirmed',201);
INSERT INTO Events VALUES('The Merry Widow','The Australian Ballet Company','2018-06-14','7:30 PM','State Theatre','Garry, Judy, Kate, Fran & Heather','Confirmed',202);
INSERT INTO Events VALUES('At Last - The Etta James Story','Vika Bull','2018-06-21','8:00 PM','Arts Centre - Playhouse','Garry & Kate (front row circle)','Confirmed',203);
INSERT INTO Events VALUES('Verve','The Australian Ballet Company','2018-06-28','7:30 PM','State Theatre','Garry, Judy, Kate, Fran & Heather','Confirmed',204);
INSERT INTO Events VALUES('The Hunting of the Snark','The Hunting of the Snark','2018-07-11','10:00 AM','Arts Centre (Fairfax)','2 tickets (Bea & Judy)','Confirmed',205);
INSERT INTO Events VALUES('Lord Huron','Lord Huron','2018-07-18','7:30 PM','Melbourne Recital Centre','3 tickets in Circle front row','Confirmed',206);
INSERT INTO Events VALUES('Julius Caesar','Bell Shakespeare','2018-07-26','7:30 PM','Arts Centre (Fairfax)','3 tickets (Garry, Judy & Min?)','Confirmed',207);
INSERT INTO Events VALUES('Snow White','Ballet Preljocaj','2018-08-01','7:30 PM','State Theatre','Garry, Judy & Kate','Confirmed',208);
INSERT INTO Events VALUES('An Ideal Husband','Melbourne Theatre Company','2018-08-15','8:00 PM','Arts Centre','Garry, Judy, Kate & Melinda','Confirmed',209);
INSERT INTO Events VALUES('Stardust: The Songs of Willie Nelson','Linda Bull','2018-08-30','8:00 PM','Arts Centre','Garry, Judy, Kate. Pauline & Martin','Confirmed',210);
INSERT INTO Events VALUES('Giselle','The Australian Bellet','2018-09-06','7:30 PM','State Theatre','Garry, Judy, Kate, Melinda & Heather','Confirmed',211);
INSERT INTO Events VALUES('Spartacus','The Australian Ballet Company','2018-09-20','7:30 PM','State Theatre','Garry, Judy, Kate, Melinda & Heather','Confirmed',212);
INSERT INTO Events VALUES('A Midsummer Night''s Dream','Queensland Ballet','2018-10-03','7:30 PM','Her Majasty''s Theatre','Garry, Kate, Joff, Tash & Alanna','Confirmed',213);
INSERT INTO Events VALUES('Women in Jazz','Jackie Bornstein','2018-10-25','7:00 PM','Melbourne Recital Centre','5 tickets for us all','Confirmed',214);
INSERT INTO Events VALUES('Twelfth Night','Melbourne Theatre Company','2018-12-19','8:00 PM','The Summer','Garry, Judy, Kate & Melinda','Confirmed',215);
INSERT INTO Events VALUES('The Nutcracker & I','Alexandra Dariescu','2019-01-17','10:00 AM','Elisabeth Murdoch Hall','4 tickets','Confirmed',216);
INSERT INTO Events VALUES('Mumford & Sons','Mumford & Sons with Michael Kiwanuka','2019-01-23','5:00 PM','Sidney Myer Music Bowl','3 tickets','Confirmed',217);
INSERT INTO Events VALUES('Cinderella (prev. The Happy Prince)','The Australian Ballet Company','2019-03-21','7:30 PM','State Theatre','4 tickets','Confirmed',218);
INSERT INTO Events VALUES('Settle For More','Nederlands Dans Theater 2','2019-04-28','7:30 PM','Amsterdam National Theatre','2 tickets on side','Confirmed',219);
INSERT INTO Events VALUES('Alice''s Adventures in Wonderland','The Australian Ballet Company','2019-06-13','7:30 PM','State Theatre','4 tickets but away in Europe','Confirmed',220);
INSERT INTO Events VALUES('LAC','The Australian Ballet Company','2019-07-04','7:30 PM','State Theatre','4 tickets','Confirmed',221);
INSERT INTO Events VALUES('Much Ado About Nothing','Bell Shakespeare','2019-07-24','6:30 PM','Arts Centre (Fairfax)','Garry, Judy, Kate & Joff','Confirmed',222);
INSERT INTO Events VALUES('The Man In Black','Tex Perkins','2019-08-23','8:00 PM','Athenaeum Theatre','Judy, Kate & Garry','Confirmed',223);
INSERT INTO Events VALUES('Sylvia','The Australian Ballet Company','2019-09-05','7:30 PM','State Theatre','4 tickets','Confirmed',224);
INSERT INTO Events VALUES('The Nutcracker','The Australian Ballet Company','2019-09-19','7:30 PM','State Theatre','4 tickets','Confirmed',225);
INSERT INTO Events VALUES('Vika and Linda Bull','Vika and Linda Bull','2019-11-21','8:00 PM','Arts Centre - Playhouse','Garry, Judy & Margaret (front row circle)','Confirmed',226);
INSERT INTO Events VALUES('Kiss of the Spider Woman','Melbourne Theatre Company','2019-11-27','8:00 PM','Southbank Theatre, The Sumner','3 tickets (Kate, Judy & Garry)','Confirmed',227);
INSERT INTO Events VALUES('Meeting Mozart','Meeting Mozart','2020-01-17','10:30 AM','Elisabeth Murdoch Hall','4 tickets','Confirmed',228);
INSERT INTO Events VALUES('Come From Away','Come From Away','2020-01-22','7:00 PM','Comedy Theatre','Kate, Hamish, Marg, Judy & Garry','Confirmed',229);
INSERT INTO Events VALUES('Zoo Twilights','Missy Higgins','2020-02-07','5:30 PM','Melbourne Zoo','5 tickets (Kate, Judy, Garry, Joff & Min)','Confirmed',230);
INSERT INTO Events VALUES('Doug Parkinson Honours Van Morrison','Doug Parkinson','2020-02-21','7:30 PM','The Palms at Crown','Margaret, Judy & Garry','Confirmed',231);
INSERT INTO Events VALUES('Vietnamese Bamboo Circus','A O Lang Pho','2020-02-29','2:00 PM','State Theatre','7 x family tickets (part of Asia TOPA)','Confirmed',232);
INSERT INTO Events VALUES('Scheherazade','MSO','2020-03-16','6:30 PM','Hamer Hall','Performance Cancelled (COVID-19)','Performance Cancelled',233);
INSERT INTO Events VALUES('Volt','The Australian Ballet Company','2020-03-24','7:30 PM','State Theatre','Performance Cancelled (COVID-19)','Performance Cancelled',234);
INSERT INTO Events VALUES('Dave Matthews Band','Dave Matthews Band','2020-04-17','7:30 PM','Margaret Court Arena','Performance Cancelled (COVID-19)','Performance Cancelled',235);
INSERT INTO Events VALUES('One Flew Over The Cuckoo''s Nest','One Flew Over The Cuckoo''s Nest','2020-05-27','7:30 PM','Her Majasty''s Theatre','Performance Cancelled (COVID-19)','Performance Cancelled',236);
INSERT INTO Events VALUES('Anna Karenina','The Australian Ballet Company','2020-06-11','7:30 PM','State Theatre','Performance Cancelled (COVID-19)','Performance Cancelled',237);
INSERT INTO Events VALUES('Molto','The Australian Ballet Company','2020-06-25','7:30 PM','State Theatre','Performance Cancelled (COVID-19)','Performance Cancelled',238);
INSERT INTO Events VALUES('The Happy Prince','The Australian Ballet Company','2020-09-03','7:30 PM','State Theatre','Performance Cancelled (COVID-19)','Performance Cancelled',239);
INSERT INTO Events VALUES('Harlequinade','The Australian Ballet Company','2020-09-17','7:30 PM','State Theatre','Performance Cancelled (COVID-19)','Performance Cancelled',240);
INSERT INTO Events VALUES('Candlelight: Vivaldi''s Four Seasons','String Quartet','2021-04-07','8:30 PM','Gather & Tailor, West Melbourne','2 tickets - Kate & Garry','Confirmed',241);
INSERT INTO Events VALUES('Schubert''s Cello Quintet','String Quintet','2021-04-21','6:00 PM','Melbourne Recital Centre (Primrose Potter Salon)','2 tickets for Garry & Kate','Confirmed',242);
INSERT INTO Events VALUES('New York Dialects','The Australian Ballet Company','2021-06-10','7:30 PM','State Theatre','Performed Cancelled (COVID-19)','Performance Cancelled',243);
INSERT INTO Events VALUES('Romeo and Juliet','The Australian Ballet Company','2021-09-02','7:30 PM','State Theatre','Performance Cancelled (COVID-19)','Performance Cancelled',244);
INSERT INTO Events VALUES('Harlequinade','The Australian Ballet Company','2021-09-16','7:30 PM','State Theatre','Performance Cancelled (COVID-19)','Performance Cancelled',245);
INSERT INTO Events VALUES('Monsters','Malthouse','2021-10-05','8:00 PM','Malthouse Theatre','2 tickets (Garry & Kate) - rescheduled from 7 Sept.','Performance Cancelled',246);
INSERT INTO Events VALUES('A Midsummer Nights Dream','Bell Shakespeare','2021-10-09','1:00 PM','Arts Centre (Fairfax)','4 tickets (incl. Bea) - rescheduled','Performance Cancelled',247);
INSERT INTO Events VALUES('Anna Karenina','The Australian Ballet Company','2021-10-14','7:30 PM','State Theatre','Performance Cancelled (COVID-19)','Performance Cancelled',248);
INSERT INTO Events VALUES('MIJF: 2021 OPENING NIGHT GALA','MSO & Kate Ceberano, Vince Jones...','2021-11-26','7:30 PM','Hamer Hall','2 x tickets (Judy & Garry)','Confirmed',249);
INSERT INTO Events VALUES('Moulin Rouge! The Musical','Moulin Rouge! The Musical','2022-02-02','7:00 PM','Regent Theatre','5 tickets in row DD','Confirmed',250);
INSERT INTO Events VALUES('Paradisum','Australian Brandenburg Orchestra','2022-02-24','7:00 PM','Melbourne Recital Centre (Elisabeth Murdoch Hall)','3 x tickets','Confirmed',251);
INSERT INTO Events VALUES('Anna Karenina','The Australian Ballet Company','2022-03-03','7:30 PM','State Theatre','4 x tickets','Confirmed',252);
INSERT INTO Events VALUES('Hamlet','Bell Shakespeare','2022-05-01','4:00 PM','Arts Centre (Fairfax Studio)','4 x tickets','Confirmed',253);
INSERT INTO Events VALUES('Kunstkamer','The Australian Ballet Company','2022-06-09','7:30 PM','State Theatre','4 x tickets','Confirmed',254);
INSERT INTO Events VALUES('Candlelight: Best of Hans Zimmer and more','Fever','2022-06-16','6:30 PM','75 Reid St, Fitzroy North','Garry & Kate','Confirmed',255);
INSERT INTO Events VALUES('The Picture of Dorian Gray','The Picture of Dorian Gray','2022-06-17','7:30 PM','Playhouse, Arts Centre','5 tickets','Confirmed',256);
INSERT INTO Events VALUES('Harlequinade','The Australian Ballet Company','2022-06-23','7:30 PM','State Theatre','4 x tickets','Confirmed',257);
INSERT INTO Events VALUES('Peter Pan - The 360 Adventure','Peter Pan - The 360 Adventure','2022-06-25','3:00 PM','Birrarung Marr','CANCELLED: 7 tickets for all family','Performance Cancelled',258);
INSERT INTO Events VALUES('The Comedy of Errors','Bell Shakespeare','2022-07-17','4:00 PM','Arts Centre (Fairfax Studio)','4 x tickets','Confirmed',259);
INSERT INTO Events VALUES('Hamilton','Hamilton','2022-09-15','7:00 PM','Her Majesty''s Theatre','4 tickets in front row of Dress Circle','Confirmed',260);
INSERT INTO Events VALUES('Instruments of Dance','The Australian Ballet Company','2022-09-29','7:30 PM','State Theatre','4 x tickets','Confirmed',261);
INSERT INTO Events VALUES('Romeo and Juliet','The Australian Ballet Company','2022-10-13','7:30 PM','State Theatre','4 x tickets','Confirmed',262);
INSERT INTO Events VALUES('Bach''s Universe','Australian Brandenburg Orchestra','2022-10-27','7:00 PM','Melbourne Recital Centre','2 x tickets - Kate & Garry','Confirmed',263);
INSERT INTO Events VALUES('Harry Potter and the Cursed Child','Harry Potter and the Cursed Child','2022-12-08','7:00 PM','Princess Theatre','Kate & Garry (took Bea''s seat)','Confirmed',264);
INSERT INTO Events VALUES('Don Quixote','The Australian Ballet Company','2023-03-16','7:30 PM','State Theatre','4 x tickets','Confirmed',265);
INSERT INTO Events VALUES('Bernhardt/Hamlet','Melbourne Theatre Company','2023-03-30','7:30 PM','The Sumner (Southbank Theatre)','3 tickets','Confirmed',266);
INSERT INTO Events VALUES('& Juliet','& Juliet','2023-05-06','2:00 PM','Regent Theatre','7 tickets for family plus 1 for Emily','Confirmed',267);
INSERT INTO Events VALUES('Gloria - The Four Seasons','Australian Brandenburg Orchestra','2023-05-11','7:00 PM','Melbourne Recital Centre','Kate and Garry','Confirmed',268);
INSERT INTO Events VALUES('Identity','The Australian Ballet Company','2023-06-22','7:30 PM','State Theatre','4 x tickets','Confirmed',269);
INSERT INTO Events VALUES('Jewels','The Australian Ballet Company','2023-07-06','7:30 PM','State Theatre','4 x tickets','Confirmed',270);
INSERT INTO Events VALUES('Giselle','The Australian Ballet Company (The Tokyo Ballet)','2023-07-20','7:30 PM','State Theatre','4 x tickets','Confirmed',271);
INSERT INTO Events VALUES('Spring Awakening','Williamstown Musical Theatre Company','2023-11-12','2:00 PM','Centenary Theatre','3 x tickets','Confirmed',272);
INSERT INTO Events VALUES('Lady Day At Emerson''s Bar & Grill','Melbourne Theatre Company','2023-12-07','7:30 PM','Arts Centre (Fairfax)','3 x tickets','Confirmed',273);
INSERT INTO Events VALUES('Circus 1903','Circus 1903','2024-01-14','1:00 PM','State Theatre','5 x tickets','Confirmed',274);
INSERT INTO Events VALUES('The Dictionary of Lost Words','STC & State Theatre Company SA','2024-03-07','7:30 PM','Playhouse, Arts Centre','5 tickets','Confirmed',275);
INSERT INTO Events VALUES('Luzia','Cirque du Soleil','2024-04-12','4:30 PM','Flemington Racecourse','7 x tickets (family mob)','Confirmed',276);
INSERT INTO Events VALUES('Into the Woods','Williamstown Musical Theatre Company','2024-05-05','2:00 PM','Centenary Theatre','3 x tickets','Confirmed',277);
INSERT INTO Events VALUES('Trophy Boys','A Soft Tread and The Maybe Pile Production','2024-07-21','5:00 PM','Fairfax Studio (Arts Centre)','3 x tickets','Confirmed',278);
INSERT INTO Events VALUES('Little Murmur','Aakash Odedra Company','2024-07-28','1:00 PM','Arts Centre - The Show Room','7 x family tickets','Confirmed',279);
INSERT INTO Events VALUES('The Music of Carole King & James Taylor','Deborah Conway & Darren Coggan','2024-08-02','7:30 PM','Hammer Hall','2 x tickets','Confirmed',280);
INSERT INTO Events VALUES('Oscar','The Australian Ballet','2024-09-18','7:30 PM','Regent Theatre','4 x tickets in dress circle','Confirmed',281);
INSERT INTO Events VALUES('Etudes / Circle Electric','The Australian Ballet','2024-10-03','7:30 PM','Regent Theatre','4 x tickets in dress circle','Confirmed',282);
INSERT INTO Events VALUES('SIX The Musical','SIX The Musical','2024-10-11','7:30 PM','Comedy Theatre','5 tickets in fifth row stalls','Confirmed',283);
INSERT INTO Events VALUES('Dire Straits','Dire Straits tribute','2024-10-22','7:00 PM','Palais Theatre St. Kilda','Marty and the 6 Egan Brothers','Confirmed',284);
INSERT INTO Events VALUES('Pippin','Williamstown Musical Theatre Company','2024-11-10','2:00 PM','Altona Theatre','Judy and Garry','Confirmed',285);
INSERT INTO Events VALUES('Max Richter World Tour','Max Richter','2025-02-17','8:00 PM','Hamer Hall','2 x tickets (Garry & Kate)','Confirmed',286);
INSERT INTO Events VALUES('Hans Zimmer','Hans Zimmer','2025-04-29','7:00 PM','Rod Laver Arena','2 x tickets (Garry & Kate)','Confirmed',287);
CREATE TABLE Cooking (name TEXT NOT NULL UNIQUE, url TEXT CHECK (substr(url, 1, 8) = 'https://') NOT NULL, comments TEXT, rank INTEGER CHECK (rank BETWEEN 1 AND 99), auto_id INTEGER PRIMARY KEY AUTOINCREMENT);
INSERT INTO Cooking VALUES('Once Upon a Chef','https://www.onceuponachef.com','Very good site for inspirational recipes and advice/techniques',2,1);
INSERT INTO Cooking VALUES('Red House Spice','https://redhousespice.com','Go to for Chinese food',6,2);
INSERT INTO Cooking VALUES('Great British Chefs','https://www.greatbritishchefs.com','Some very elegant recipes are presented',2,3);
INSERT INTO Cooking VALUES('Closet Cooking','https://www.closetcooking.com',NULL,19,4);
INSERT INTO Cooking VALUES('Good Food','https://www.bbcgoodfood.com','Reliable and expansive list of recipes available',4,5);
INSERT INTO Cooking VALUES('Taste.com.au','https://www.taste.com.au','A favourite website to check out from time to time',4,6);
INSERT INTO Cooking VALUES('Kevin is Cooking','https://keviniscooking.com',NULL,14,7);
INSERT INTO Cooking VALUES('Cuisine At Home','https://www.cuisineathome.com',NULL,19,8);
INSERT INTO Cooking VALUES('Iron Chef Shellie','https://ironchefshellie.com','Small but inspired list of diverse recipes plus travel section worth reviewing',4,9);
INSERT INTO Cooking VALUES('Serious Eats','https://www.seriouseats.com','This provides great recipes and even better techniques plus science backed commentary; especially by J_Kenji_Lopez-Alt',1,10);
INSERT INTO Cooking VALUES('Epicurious','https://www.epicurious.com',NULL,19,11);
INSERT INTO Cooking VALUES('AllRecipes','https://www.allrecipes.com','Very comprehensive site for all things cooking',2,12);
INSERT INTO Cooking VALUES('Food Network','https://www.foodnetwork.com','Comprehensive website that is a great resource',2,13);
INSERT INTO Cooking VALUES('Simply Recipes','https://www.simplyrecipes.com',NULL,11,14);
INSERT INTO Cooking VALUES('The Spruce Eats','https://www.thespruceeats.com','Check it out for vast library of recipes',4,15);
INSERT INTO Cooking VALUES('Delish','https://www.delish.com',NULL,13,16);
INSERT INTO Cooking VALUES('Bon Appetit','https://www.bonappetit.com',NULL,15,17);
INSERT INTO Cooking VALUES('Tasty','https://tasty.co',NULL,99,18);
INSERT INTO Cooking VALUES('Budget Bytes','https://www.budgetbytes.com',NULL,99,19);
INSERT INTO Cooking VALUES('Half Baked Harvest','https://www.halfbakedharvest.com',NULL,99,20);
INSERT INTO Cooking VALUES('Love Bakes Good Cakes','https://www.lovebakesgoodcakes.com',NULL,99,21);
INSERT INTO Cooking VALUES('BigOven','https://www.bigoven.com',NULL,99,22);
INSERT INTO Cooking VALUES('Love Food','https://www.lovefood.com',NULL,99,23);
INSERT INTO Cooking VALUES('Food52','https://food52.com',NULL,12,24);
INSERT INTO Cooking VALUES('Sweet and Savory Meals','https://sweetandsavorymeals.com',NULL,99,25);
INSERT INTO Cooking VALUES('Chef Jean-Pierre','https://chefjeanpierre.com/','Very amusing videos of classic French based recipes',5,26);
INSERT INTO Cooking VALUES('My Korean Kitchen','https://mykoreankitchen.com',NULL,14,27);
INSERT INTO Cooking VALUES('Pailin @ Hot Thai Kitchen','https://hot-thai-kitchen.com',NULL,10,28);
INSERT INTO Cooking VALUES('Recipes from Italy','https://www.recipesfromitaly.com','This site is world class for pasta and classic Italian cakes, etc.',2,29);
INSERT INTO Cooking VALUES('Woks of Life','https://thewoksoflife.com',NULL,13,30);
INSERT INTO Cooking VALUES('Korean Bapsang','https://www.koreanbapsang.com',NULL,99,31);
INSERT INTO Cooking VALUES('Just One Cookbook','https://www.justonecookbook.com',NULL,99,32);
INSERT INTO Cooking VALUES('Maangchi','https://www.maangchi.com',NULL,99,33);
INSERT INTO Cooking VALUES('Asian Inspirations','https://asianinspirations.com.au',NULL,15,34);
INSERT INTO Cooking VALUES('Mexican Please','https://www.mexicanplease.com',NULL,99,35);
INSERT INTO Cooking VALUES('French Cooking Academy','https://www.thefrenchcookingacademy.com','Classic French techniques',6,36);
INSERT INTO Cooking VALUES('Thai Table','https://www.thaitable.com',NULL,99,37);
INSERT INTO Cooking VALUES('Veg Recipes of India','https://www.vegrecipesofindia.com',NULL,99,38);
INSERT INTO Cooking VALUES('Nyonya Cooking','https://www.nyonyacooking.com',NULL,99,39);
INSERT INTO Cooking VALUES('Spanish Sabores','https://spanishsabores.com',NULL,99,40);
INSERT INTO Cooking VALUES('Authentic German Recipes','https://www.mybestgermanrecipes.com',NULL,99,41);
INSERT INTO Cooking VALUES('Indian Veggie Delight','https://www.indianveggiedelight.com',NULL,99,42);
INSERT INTO Cooking VALUES('AfroVitality Eats','https://afrovitalityeats.com',NULL,99,43);
INSERT INTO Cooking VALUES('Caribbean Pot','https://caribbeanpot.com',NULL,99,44);
INSERT INTO Cooking VALUES('The Mediterranean Dish','https://www.themediterraneandish.com',NULL,9,45);
INSERT INTO Cooking VALUES('Sally''s Baking Addiction','https://sallysbakingaddiction.com',NULL,99,46);
INSERT INTO Cooking VALUES('King Arthur Baking','https://www.kingarthurbaking.com','Worth checking out',7,47);
INSERT INTO Cooking VALUES('The Baking Fairy','https://www.thebakingfairy.net',NULL,99,48);
INSERT INTO Cooking VALUES('Preppy Kitchen','https://preppykitchen.com','I like his style and the recipes that are presented',18,49);
INSERT INTO Cooking VALUES('Brown Eyed Baker','https://www.browneyedbaker.com',NULL,99,50);
INSERT INTO Cooking VALUES('Sugar Hero','https://www.sugarhero.com',NULL,99,51);
INSERT INTO Cooking VALUES('Baker by Nature','https://bakerbynature.com',NULL,99,52);
INSERT INTO Cooking VALUES('The Vanilla Bean Blog','https://www.thevanillabeanblog.com',NULL,99,53);
INSERT INTO Cooking VALUES('The Cake Blog','https://thecakeblog.com',NULL,99,54);
INSERT INTO Cooking VALUES('Joy the Baker','https://joythebaker.com',NULL,99,55);
INSERT INTO Cooking VALUES('Bakers Royale','https://www.bakersroyale.com',NULL,99,56);
INSERT INTO Cooking VALUES('My Baking Addiction','https://www.mybakingaddiction.com',NULL,99,57);
INSERT INTO Cooking VALUES('Bake From Scratch','https://bakefromscratch.com',NULL,99,58);
INSERT INTO Cooking VALUES('Foodess','https://foodess.com',NULL,99,59);
INSERT INTO Cooking VALUES('Confessions of a Baking Queen','https://www.confessionsofabakingqueen.com',NULL,99,60);
INSERT INTO Cooking VALUES('Glorious Treats','https://www.glorioustreats.com',NULL,99,61);
INSERT INTO Cooking VALUES('Pastry Affair','https://www.pastryaffair.com',NULL,99,62);
INSERT INTO Cooking VALUES('Liv for Cake','https://livforcake.com',NULL,99,63);
INSERT INTO Cooking VALUES('Love from the Oven','https://www.lovefromtheoven.com',NULL,20,64);
INSERT INTO Cooking VALUES('Skinnytaste','https://www.skinnytaste.com',NULL,99,65);
INSERT INTO Cooking VALUES('Oh She Glows','https://ohsheglows.com',NULL,99,66);
INSERT INTO Cooking VALUES('Cookie and Kate','https://cookieandkate.com',NULL,6,67);
INSERT INTO Cooking VALUES('The First Mess','https://thefirstmess.com',NULL,99,68);
INSERT INTO Cooking VALUES('Downshiftology','https://downshiftology.com',NULL,99,69);
INSERT INTO Cooking VALUES('EatingWell','https://www.eatingwell.com',NULL,99,70);
INSERT INTO Cooking VALUES('Sweet Potato Soul','https://sweetpotatosoul.com',NULL,99,71);
INSERT INTO Cooking VALUES('Plant-Based on a Budget','https://plantbasedonabudget.com',NULL,99,72);
INSERT INTO Cooking VALUES('The Healthy Maven','https://www.thehealthymaven.com',NULL,99,73);
INSERT INTO Cooking VALUES('Green Kitchen Stories','https://greenkitchenstories.com',NULL,99,74);
INSERT INTO Cooking VALUES('Running on Real Food','https://runningonrealfood.com',NULL,6,75);
INSERT INTO Cooking VALUES('Beaming Baker','https://beamingbaker.com',NULL,99,76);
INSERT INTO Cooking VALUES('Pick Up Limes','https://www.pickuplimes.com',NULL,99,77);
INSERT INTO Cooking VALUES('The Minimalist Vegan','https://theminimalistvegan.com',NULL,99,78);
INSERT INTO Cooking VALUES('Forks Over Knives','https://www.forksoverknives.com',NULL,99,79);
INSERT INTO Cooking VALUES('Happy Herbivore','https://happyherbivore.com',NULL,99,80);
INSERT INTO Cooking VALUES('Ambitious Kitchen','https://www.ambitiouskitchen.com',NULL,99,81);
INSERT INTO Cooking VALUES('Veggie Inspired','https://www.veggieinspired.com',NULL,99,82);
INSERT INTO Cooking VALUES('Thyme and Love','https://thymeandlove.com',NULL,10,83);
INSERT INTO Cooking VALUES('Wholesome Yum','https://www.wholesomeyum.com',NULL,99,84);
INSERT INTO Cooking VALUES('Sydney Fish Market','https://www.sydneyfishmarket.com.au',NULL,6,85);
INSERT INTO Cooking VALUES('Hank Shaw','https://honest-food.net','Hank Shaw is a Hunter, Angler, Gardener & Cook; Great website',8,86);
INSERT INTO Cooking VALUES('Great Alaska Seafood','https://www.great-alaska-seafood.com',NULL,99,87);
INSERT INTO Cooking VALUES('Sitka Salmon Shares','https://sitkaseafoodmarket.com/blogs/culinary',NULL,99,88);
INSERT INTO Cooking VALUES('Hooked on Seafood','https://hookedonseafood.com.au',NULL,99,89);
INSERT INTO Cooking VALUES('Seafood Watch Recipes','https://www.seafoodwatch.org',NULL,99,90);
INSERT INTO Cooking VALUES('Love Seafood','https://www.loveseafood.co.uk',NULL,99,91);
INSERT INTO Cooking VALUES('Delicious Mag - Fish Recipes','https://www.deliciousmagazine.co.uk/ingredients/fish-recipes/','',7,92);
INSERT INTO Cooking VALUES('Seafood Experts','https://seafoodexperts.com.au',NULL,99,93);
INSERT INTO Cooking VALUES('Fish Tales','https://www.fish-tales.com',NULL,99,94);
INSERT INTO Cooking VALUES('Seafood Everyday','https://seafoodeveryday.com',NULL,99,95);
INSERT INTO Cooking VALUES('Captain''s Kitchen','https://captainskitchen.co',NULL,99,96);
INSERT INTO Cooking VALUES('Saltwater Table','https://saltwatertable.com',NULL,99,97);
INSERT INTO Cooking VALUES('Seafood Recipes by Crawfish and Noodles','https://crawfishandnoodles.com',NULL,99,98);
INSERT INTO Cooking VALUES('Bluewater Grill Recipes','https://www.smh.com.au/goodfood/recipes/neil-perry-bluewater-grill-recipes-20181108-h17o2m.html',NULL,15,99);
INSERT INTO Cooking VALUES('Sea Harvest','https://www.sea-harvest.com.au/recipes/',NULL,12,100);
INSERT INTO Cooking VALUES('The Seafood Shack','https://theseafoodshack.co.uk',NULL,99,101);
INSERT INTO Cooking VALUES('Mel''s Kitchen Cafe','https://www.melskitchencafe.com',NULL,99,102);
INSERT INTO Cooking VALUES('Dinner at the Zoo','https://www.dinneratthezoo.com',NULL,99,103);
INSERT INTO Cooking VALUES('The Recipe Rebel','https://www.thereciperebel.com',NULL,99,104);
INSERT INTO Cooking VALUES('A Family Feast','https://www.afamilyfeast.com',NULL,99,105);
INSERT INTO Cooking VALUES('Damn Delicious','https://damndelicious.net',NULL,99,106);
INSERT INTO Cooking VALUES('The Chunky Chef','https://www.thechunkychef.com',NULL,99,107);
INSERT INTO Cooking VALUES('Mom on Timeout','https://www.momontimeout.com',NULL,99,108);
INSERT INTO Cooking VALUES('Easy Peasy Foodie','https://www.easypeasyfoodie.com',NULL,99,109);
INSERT INTO Cooking VALUES('Natasha''s Kitchen','https://natashaskitchen.com',NULL,16,110);
INSERT INTO Cooking VALUES('I Heart Naptime','https://www.iheartnaptime.net',NULL,99,111);
INSERT INTO Cooking VALUES('Chelsea''s Messy Apron','https://www.chelseasmessyapron.com',NULL,99,112);
INSERT INTO Cooking VALUES('Spend with Pennies','https://www.spendwithpennies.com',NULL,99,113);
INSERT INTO Cooking VALUES('The Pioneer Woman','https://www.thepioneerwoman.com',NULL,99,114);
INSERT INTO Cooking VALUES('Lil'' Luna','https://lilluna.com',NULL,99,115);
INSERT INTO Cooking VALUES('Family Fresh Meals','https://www.familyfreshmeals.com',NULL,99,116);
INSERT INTO Cooking VALUES('Cafe Delites','https://cafedelites.com',NULL,99,117);
INSERT INTO Cooking VALUES('Plain Chicken','https://www.plainchicken.com',NULL,99,118);
INSERT INTO Cooking VALUES('Lauren''s Latest','https://laurenslatest.com',NULL,99,119);
INSERT INTO Cooking VALUES('Averie Cooks','https://www.averiecooks.com',NULL,99,120);
INSERT INTO Cooking VALUES('Southern Living Recipes','https://www.southernliving.com',NULL,14,121);
INSERT INTO Cooking VALUES('Gordon Ramsay','https://www.gordonramsay.com',NULL,99,122);
INSERT INTO Cooking VALUES('Jamie Oliver','https://www.jamieoliver.com','Speaks for itself',10,123);
INSERT INTO Cooking VALUES('Nigella Lawson','https://www.nigella.com',NULL,9,124);
INSERT INTO Cooking VALUES('Ina Garten (Barefoot Contessa)','https://barefootcontessa.com',NULL,17,125);
INSERT INTO Cooking VALUES('Yotam Ottolenghi','https://ottolenghi.co.uk',NULL,16,126);
INSERT INTO Cooking VALUES('David Lebovitz','https://www.davidlebovitz.com',NULL,17,127);
INSERT INTO Cooking VALUES('Rachel Khoo','https://www.rachelkhoo.com',NULL,99,128);
INSERT INTO Cooking VALUES('Michel Roux','https://www.michelroux.co.uk',NULL,99,129);
INSERT INTO Cooking VALUES('Jacques Pepin Foundation','https://jp.foundation',NULL,99,130);
INSERT INTO Cooking VALUES('Marco Pierre White Recipes','https://www.marcopierrewhite.co',NULL,99,131);
INSERT INTO Cooking VALUES('Curtis Stone','https://www.curtisstone.com',NULL,9,132);
INSERT INTO Cooking VALUES('Wolfgang Puck Recipes','https://www.wolfgangpuckcookingschool.com/recipes/wolfgangs-signature-recipes/',NULL,99,133);
INSERT INTO Cooking VALUES('Emeril Lagasse Recipes','https://www.emerils.com/recipes',NULL,99,134);
INSERT INTO Cooking VALUES('Raymond Blanc','https://www.raymondblanc.com',NULL,99,135);
INSERT INTO Cooking VALUES('Heston Blumenthal','https://www.thefatduckgroup.com',NULL,99,136);
INSERT INTO Cooking VALUES('Eric Ripert','https://ericripert.com',NULL,99,137);
INSERT INTO Cooking VALUES('Thomas Keller','https://www.thomaskeller.com',NULL,10,138);
INSERT INTO Cooking VALUES('Alex Guarnaschelli','https://www.alexguarnaschelli.com',NULL,99,139);
INSERT INTO Cooking VALUES('Mario Batali','https://www.epicurious.com/contributors/mario-batali',NULL,99,140);
INSERT INTO Cooking VALUES('Barry at Rock Recipes','https://www.rockrecipes.com',NULL,99,141);
INSERT INTO Cooking VALUES('Seasons and Suppers','https://www.seasonsandsuppers.ca',NULL,19,142);
INSERT INTO Cooking VALUES('Culinary Ginger','https://culinaryginger.com',NULL,7,143);
INSERT INTO Cooking VALUES('Recipe30','https://recipe30.com','Excellent videos to accompany the excellent recipes, particularly pasta dishes',1,144);
INSERT INTO Cooking VALUES('Love and Lemons','https://www.loveandlemons.com',NULL,99,145);
INSERT INTO Cooking VALUES('Minimalist Baker','https://minimalistbaker.com',NULL,99,146);
INSERT INTO Cooking VALUES('Pinch of Yum','https://pinchofyum.com',NULL,99,147);
INSERT INTO Cooking VALUES('Gimme Some Oven','https://www.gimmesomeoven.com',NULL,99,148);
INSERT INTO Cooking VALUES('The Kitchn','https://www.thekitchn.com',NULL,14,149);
INSERT INTO Cooking VALUES('Well Plated by Erin','https://www.wellplated.com',NULL,99,150);
INSERT INTO Cooking VALUES('Recipe Girl','https://www.recipegirl.com',NULL,99,151);
INSERT INTO Cooking VALUES('Savory Nothings','https://www.savorynothings.com',NULL,99,152);
INSERT INTO Cooking VALUES('The Cozy Apron','https://thecozyapron.com',NULL,99,153);
INSERT INTO Cooking VALUES('Two Peas & Their Pod','https://www.twopeasandtheirpod.com',NULL,99,154);
INSERT INTO Cooking VALUES('Joyful Healthy Eats','https://www.joyfulhealthyeats.com',NULL,99,155);
INSERT INTO Cooking VALUES('The Cafe Sucre Farine','https://thecafesucrefarine.com',NULL,99,156);
INSERT INTO Cooking VALUES('Taming Twins','https://www.tamingtwins.com',NULL,99,157);
INSERT INTO Cooking VALUES('Julia''s Album','https://juliasalbum.com',NULL,99,158);
INSERT INTO Cooking VALUES('Dinner Then Dessert','https://dinnerthendessert.com',NULL,99,159);
INSERT INTO Cooking VALUES('Cooking Classy','https://www.cookingclassy.com',NULL,99,160);
INSERT INTO Cooking VALUES('Persian Mama','https://persianmama.com',NULL,99,161);
INSERT INTO Cooking VALUES('Turkish Style Cooking','https://www.turkishstylecooking.com',NULL,99,162);
INSERT INTO Cooking VALUES('Taste of Beirut','https://www.tasteofbeirut.com',NULL,99,163);
INSERT INTO Cooking VALUES('African Bites','https://www.africanbites.com',NULL,99,164);
INSERT INTO Cooking VALUES('Feel Good Foodie - Middle Eastern','https://feelgoodfoodie.net/recipe/category/cuisine/middle-eastern/','',99,165);
INSERT INTO Cooking VALUES('Australian Women''s Weekly Food','https://www.womensweeklyfood.com.au','Good reliable site for local flavours and concepts',15,166);
INSERT INTO Cooking VALUES('Singaporean Recipes by Noob Cook','https://noobcook.com',NULL,99,167);
INSERT INTO Cooking VALUES('Filipino Recipes by Panlasang Pinoy','https://www.panlasangpinoy.com',NULL,99,168);
INSERT INTO Cooking VALUES('Vietnamese Home Cooking by Helen''s Recipes','https://danangcuisine.com',NULL,99,169);
INSERT INTO Cooking VALUES('Greek Recipes by My Greek Dish','https://www.mygreekdish.com',NULL,18,170);
INSERT INTO Cooking VALUES('101 Cookbooks','https://www.101cookbooks.com',NULL,13,171);
INSERT INTO Cooking VALUES('An Edible Mosaic','https://www.anediblemosaic.com',NULL,99,172);
INSERT INTO Cooking VALUES('Chowhound','https://www.chowhound.com',NULL,99,173);
INSERT INTO Cooking VALUES('SparkRecipes','https://recipes.sparkpeople.com/',NULL,99,174);
INSERT INTO Cooking VALUES('Drizzle and Dip','https://drizzleanddip.com',NULL,99,175);
INSERT INTO Cooking VALUES('Nourish and Fete','https://www.nourish-and-fete.com',NULL,99,176);
INSERT INTO Cooking VALUES('What''s Gaby Cooking','https://whatsgabycooking.com',NULL,99,177);
INSERT INTO Cooking VALUES('Rasa Malaysia','https://rasamalaysia.com',NULL,8,178);
INSERT INTO Cooking VALUES('Farmgirl''s Dabbles','https://www.afarmgirlsdabbles.com',NULL,99,179);
INSERT INTO Cooking VALUES('Tastes Better from Scratch','https://tastesbetterfromscratch.com',NULL,8,180);
INSERT INTO Cooking VALUES('Tastefully Simple','https://www.tastefullysimple.com',NULL,99,181);
INSERT INTO Cooking VALUES('Cooking Light','https://www.cookinglight.com',NULL,99,182);
INSERT INTO Cooking VALUES('Table for Two','https://www.tablefortwoblog.com',NULL,99,183);
INSERT INTO Cooking VALUES('Chocolates & Chai','https://www.chocolatesandchai.com',NULL,99,184);
INSERT INTO Cooking VALUES('Savory Tooth','https://www.savorytooth.com',NULL,99,185);
INSERT INTO Cooking VALUES('The Daring Gourmet','https://www.daringgourmet.com',NULL,99,186);
INSERT INTO Cooking VALUES('Love Grows Wild','https://lovegrowswild.com',NULL,99,187);
INSERT INTO Cooking VALUES('Healthy Seasonal Recipes','https://www.healthyseasonalrecipes.com',NULL,99,188);
INSERT INTO Cooking VALUES('Food Heaven Made Easy','https://foodheavenmadeeasy.com',NULL,99,189);
INSERT INTO Cooking VALUES('Andy Cooks','https://www.andy-cooks.com/blogs/recipes','Great videos to accomapny broad spread of recipe types',2,190);
INSERT INTO Cooking VALUES('Nadia Lim','https://nadialim.com/recipes/','Another good rsource',3,191);
INSERT INTO Cooking VALUES('Everyday Gourmet - Justine Schofield','https://everydaygourmet.tv/','Excellent site for recipes and techniques with excellent videos to assist',2,192);
INSERT INTO Cooking VALUES('Adam Liaw','https://adamliaw.com/','Very good broad based recipes and advice',1,193);
INSERT INTO Cooking VALUES('Food Wishes','https://www.allrecipes.com/recipes/16791/everyday-cooking/special-collections/food-wishes/','Chef John is very good and amusing with wonderful videos to follow',3,194);
INSERT INTO Cooking VALUES('Donna Hay','https://www.donnahay.com.au/','Excellent resource',4,195);
INSERT INTO Cooking VALUES('Jill Dupleix Eats','https://jilldupleix.substack.com/archive','',9,196);
INSERT INTO Cooking VALUES('Pasta et Al','https://pastaetal.com/','Great Canberra, Australia site for all things "handmade" pasta',6,197);
INSERT INTO Cooking VALUES('Taste of Home','https://www.tasteofhome.com/','Good all rounder',12,198);
INSERT INTO Cooking VALUES('Recipe Tin Eats','https://www.recipetineats.com/','Great site with wonderful recipes, helpful hints and slick videos',1,199);
INSERT INTO Cooking VALUES('Recipes from a Monastery Kitchen','https://monasterykitchen.org','Interesting recipes and well designed website',16,200);
INSERT INTO Cooking VALUES('Inspired Taste','https://www.inspiredtaste.net','Broad based recipe library with videos',3,201);
INSERT INTO Cooking VALUES('Holm Oak','https://www.holmoakvineyards.com.au/category/recipes/','Tasmanian winery with great food',9,222);
INSERT INTO Cooking VALUES('Lindsey Eats','https://lindseyeatsla.com/','Very broad range of clear recipes to view and try out',8,223);
INSERT INTO Cooking VALUES('Good chef bad chef','https://www.goodchefbadchef.com.au/recipes','Interesting broad range of recipes',5,224);

